id,name,locality,address,phone,site,type,classified,regNum,regName,regStatus,inn,ogrn,web,dupCount
1871,ТукиТа 2000,Ахвахский район,"Республика Дагестан, Ахвахский район, сельское поселение Тукита",+7 (989) 674-99-92,,"База, дом отдыха",да,С052025016280,База отдыха Тукита 2000,Действует,0571007191,1160571052344,none,1
545,Ахтынские бани № 1,Ахты,"Республика Дагестан, сельсовет Ахтынский, село Курукал, Курортная улица, 36","+7 (930) 251-77-77, +7 (930) 250-77-77",https://ahtinskie-bani.ru/,"База, дом отдыха",да,С052024000888,Лечебно-оздоровительный комплекс «Ахтынские бани №1»,Действует,050400755093,322057100088371,live,1
873,Гостевой дом Мурада,Гергебильский район,"Республика Дагестан, Гергебильский район, сельсовет Дарада-Мурадинский",+7 (928) 985-97-77,https://gostevoj-dom-murada.clients.site/,Гостевой дом,да,С052025018458,Мурада,Действует,050800853271,325050000099641,live,1
1248,Домики у горной речи,Гергебильский район,"Республика Дагестан, Гергебильский район, сельское поселение Чалда, село Чалда, улица Имама Шамиля, 1",+7 (967) 393-24-36,https://safar-family.ru/,Турбаза,да,С052026026675,База отдыха Сафар Фэмили,Действует,0508015818,1230500008210,error,3
277,Old Sivukh,Гумбетовский район,"Республика Дагестан, Гумбетовский район, сельсовет Цилитлинский, глэмпинг Старый Сивух",+7 (988) 432-20-20,https://old-sivukh.ru/,"База, дом отдыха",да,С052025008104,Туристический комплекс «Альпийская деревня «Старый Сивух»,Действует,0534080612,1070534000712,live,1
35,askam,Гуниб,"Республика Дагестан, село Гуниб, улица имени Николая Пирогова, 10Ж",+7 (988) 301-01-04,,Гостиница,да,С052026028845,"Гостевой дом ""Аскам""",Действует,051000040864,,none,1
530,Аскал,Гуниб,"Республика Дагестан, село Гуниб, улица Расула Гамзатова, 46",+7 (963) 000-99-98,https://www.askalgunib.ru/,"Гостевой дом, Гостиница",да,С052026028976,"База отдыха ""Аскал Гуниб""",Действует,051602828356,316057100055680,live,1
299,Pullman D M,Гунибский район,"Республика Дагестан, Гунибский район, сельсовет Чохский",+7 (928) 975-80-80,https://bookonline24.ru/pullman-dm?adultsCount=1&fromDate=31.01.2025&toDate=08.02.2025,Гостиница,да,С052025009402,"""Пуллман ДМ Отель""",Действует,0549009281,1080531000637,live,2
436,Абрикос Village,Гунибский район,"Республика Дагестан, Гунибский район, сельсовет Кегерский, село Нижний Кегер, 1",,,Гостиница,да,С052026025195,"Глэмпинги ""Абрикос Вилладж""",Действует,0510013222,1220500015449,none,1
1464,Лагуна-Голхин,Гунибский район,"Республика Дагестан, Гунибский район, село Хиндах, Хиндахская улица, 181","+7 (989) 899-51-51, +7 (918) 842-05-05, +7 (989) 650-59-59, +7 (918) 738-25-25, +7 (918) 482-05-06",https://laguna-gunib.ru/,"База, дом отдыха",да,С052026028343,"ОБЩЕСТВО С ОГРАНИЧЕННОЙ ОТВЕТСТВЕННОСТЬЮ ""ЛАГУНА ГОЛХИН""",Действует,0554007307,1210500000765,live,1
51,Barbara,Дагестан,"Республика Дагестан, село Новолакское, Хурхинская улица, 1, стр. 1",+7 (993) 145-22-80,,Гостиница,да,С052025011746,Гостиница Барбара,Действует,052401049802,323057100000711,none,1
1266,Дум,Дагестан,Республика Дагестан,+7 (928) 525-81-75,https://dum-hotel.ru/,"Кемпинг, Гостевой дом",да,С052026026907,"База отдыха ""Дом у Моря""",Действует,0500016129,1240500013379,dead,1
2100,Этно,Дахадаевский район,"Республика Дагестан, Дахадаевский район, село Кубачи, улица Манабы Магомедовой, 11","+7 (909) 481-73-51, +7 (909) 481-73-50",,Гостевой дом,да,С052025018862,Гостевой дом Кубачи - Этно,Действует,051100122091,,none,1
3,1000 и 1 Ночь у Океана,Дербент,"Республика Дагестан, Дербент, улица Г. Далгата, 20, стр. 1",+7 (928) 981-84-02,https://1000-i-1-noch-u-okeana.clients.site/,Гостиница,да,С052026025398,Гостиница 1000 и 1 ночь,Действует,054200381585,326050000039173,live,1
4,12 Причал,Дербент,"Республика Дагестан, Дербент, улица Батманова, 9Д",+7 (969) 223-77-77,https://12prichal.ru/,Гостевой дом,да,С052026021106,Коттеджный отель Причал 12,Действует,057202521770,324050000071548,live,1
20,Airport Derbent,Дербент,"Республика Дагестан, Дербент, Овражная улица, 20",+7 (938) 794-70-00,,Гостиница,да,С052026025025,Аэропорт Дербент Отель,Действует,056115038892,326050000046984,none,1
106,Derbent Plaza,Дербент,"Республика Дагестан, Дербент, улица Юрия Гагарина, 10Е",+7 (928) 888-58-78,https://derbentplaza-spahotel.ru/,Гостиница,да,С052026027394,"Отель ""Дербент Плаза""",Действует,051204790311,324050000069510,live,1
157,Gorec,Дербент,"Республика Дагестан, Дербент, Вокзальная улица, 27/1","+7 (938) 205-05-35, +7 (928) 947-78-87",https://hotel-gorec.clients.site/,Гостиница,да,С052025008793,Отель Горец,Действует,052302603160,320057100030396,live,1
200,Hotel Complex Evropa,Дербент,"Республика Дагестан, Дербент, улица Эдисона Пашабекова, 23",,,Гостиница,да,С052024013342,ГОСТИНИЦА «ЕВРОПА»,Действует,0542029296,1060542005810,none,1
204,Hotel Sunrise,Дербент,"Республика Дагестан, Дербент, улица Х. Тагиева, 22А",+7 (928) 528-20-20,http://www.sunrisederbent.ru/,Гостиница,да,С052026024057,Отель Санрайз,Действует,054269428673,319057100046991,live,1
261,Motohouse,Дербент,"Республика Дагестан, Дербент, улица Генерала Сеидова, 16Д",+7 (963) 425-55-12,https://motohouse.hotel2you.ru/,Гостевой дом,да,С052025018761,Мотохаус,Действует,054204899610,,live,2
331,Sap House,Дербент,"Республика Дагестан, Дербент, улица Шеболдаева, 57Е",+7 (964) 019-80-03,,Гостиница,да,С052026020578,Сап хаус,Действует,051101783496,,none,1
449,Адлер,Дербент,"Республика Дагестан, Дербент, СТ Волна, 2/2",+7 (938) 798-84-44,https://adler-hotel05.ru/,Гостиница,да,С052026021143,"Гостиница ""Адлер"" ИП Шихалиев А.Ш.",Действует,054206037300,322057100053229,live,1
485,Апарт Отель 1908,Дербент,"Республика Дагестан, Дербент, улица Буйнакского, 11",+7 (939) 999-19-08,,Гостиница,да,С052025005211,Отель 1908,Действует,054269935585,325050000059582,none,1
520,Апельсин,Дербент,"Республика Дагестан, Дербент, улица Юрия Гагарина, 130/8","+7 (989) 680-50-50, +7 (909) 478-92-02",https://apelsin-05.ru/,Гостиница,да,С052024019616,Отель «Апельсин»,Действует,054203778109,311054219300013,live,1
533,Ассорти,Дербент,"Республика Дагестан, Дербент, улица Сухая Речка, 18А",+7 (930) 104-99-99,https://assorty-hotel.ru/,Гостиница,да,С052024012943,"Отель «Ассорти» ООО ""РНС Консалтинг""",Действует,7606049536,1047600804107,live,1
648,Вилла,Дербент,"Республика Дагестан, Дербент, улица Х. Тагиева, 1",+7 (928) 509-38-73,https://villa-derbent.ru/,Гостиница,да,С052024019557,Курортный отель «Вилла»,Действует,503128482533,321057100057504,live,1
659,Вилла Оазис,Дербент,"Республика Дагестан, Дербент, улица Шеболдаева, 1",+7 (910) 464-44-44,http://oazis-derbent.ru/,Гостиница,да,С052026025554,"ООО РЕСТОРАННЫЙ КОМПЛЕКС ""ОАЗИС ПЛЮС""",Действует,0542017886,1170571021092,live,1
674,Вояж на набережной,Дербент,"Республика Дагестан, Дербент, улица Х. Тагиева, 33А/1","+7 (988) 203-01-41, +7 (926) 920-67-34",https://voyage-na-naberezhnoy.ru/,Гостиница,да,С052025011345,отель Вояж,Действует,052908171366,323508100673508,live,1
812,Гостевой дом 345,Дербент,"Республика Дагестан, Дербент, улица Гейдара Алиева, 16А",+7 (928) 045-00-56,,Гостевой дом,да,С052025005554,Отель Бутик-отель 345,Действует,054205327126,310054225100025,none,1
954,Гостиница,Дербент,"Республика Дагестан, Дербент, СТ Заря, Моторная улица, 5",+7 (920) 757-57-35,https://peschanyj-pljazh-motornaja-ulitsa.clients.site/,Гостиница,да,С052026023095,Отель Моменты Моря,Действует,054900133330,325050000044294,none,2
1052,Гранд отель,Дербент,"Республика Дагестан, Дербент, Вокзальная улица, 4А",+7 (928) 573-45-11,https://grand-otel-05.hotel2you.ru/,Гостиница,да,С052025010529,Grand Hotel,Действует,054200476420,317057100003335,live,1
1056,Граф,Дербент,"Республика Дагестан, Дербент, Прибрежная улица, 26",+7 (928) 757-44-45,https://graf05.ru/,"База, дом отдыха",да,С052026028324,Отель Граф,Действует,054201052456,323057100086187,live,1
1064,Гурман,Дербент,"Республика Дагестан, Дербент, 3-я Нагорная улица, 2",+7 (928) 288-20-60,https://gurman-3-ja-nagornaja-ulitsa.clients.site/,Гостиница,да,С052026027186,Гурман,Действует,054204924031,315054200006531,live,1
1268,Дуэт,Дербент,"Республика Дагестан, Дербент, улица Х. Тагиева, 111","+7 (928) 556-07-06, +7 (903) 424-55-53",https://duet-ulitsa-handadasha-tagieva.clients.site/,Гостиница,да,С052026027029,Гостевой дом Дуэт,Действует,054200287840,,live,1
1439,Коттеджи у моря,Дербент,"Республика Дагестан, Дербент, Прибрежная улица, 72","+7 (963) 793-00-02, +7 (963) 371-48-58",https://kottedzhi-u-morja-pribrezhnaja-ulitsa.clients.site/,Гостевой дом,да,С052026026191,"База отдыха ""Морской дом""",Действует,054201566275,325050000097282,live,2
1454,Кунаки,Дербент,"Республика Дагестан, Дербент, улица Н. Нариманова, 88",+7 (924) 309-30-93,https://kunak-3-ja-linija.clients.site/,Гостевой дом,да,С052025019117,"Гостевой дом "" Даг-Кунак """,Действует,182709576730,,live,1
1619,Отдых в домике на берегу моря в Дербенте,Дербент,"Республика Дагестан, Дербент, Локомотивная улица, 73",+7 (929) 870-63-62,https://bakdag.narod.ru/kattedj.html,Гостевой дом,да,С052026027970,"База отдыха ""Горизонт""",Действует,054201048379,325050000173254,live,1
1657,Парк Авеню,Дербент,"Республика Дагестан, Дербент, улица У. Буйнакского, 47",+7 (999) 477-52-52,,Гостиница,да,С052026019816,"Гостиница ""Park Avenue""",Действует,054207621451,322057100049957,none,3
1681,Прага,Дербент,"Республика Дагестан, Дербент, улица Мусы Манарова, 1",+7 (928) 511-19-13,https://otel-praga-ulitsa-musy-manarova.clients.site/,Гостиница,да,С052026028703,Гостевой дом Прага,Действует,054201490107,326050000119795,live,2
1775,Сафия,Дербент,"Республика Дагестан, Дербент, улица Х. Тагиева, 2","+7 (989) 479-42-68, +7 (988) 784-55-11",http://hotelsafiya.ru/,Гостиница,да,С052026023378,"Отель ""САФИЯ"" ИП Мирзабалаев С.Н.",Действует,051204645321,325050000222936,live,1
1960,Фигаров,Дербент,"Республика Дагестан, Дербент, улица У. Буйнакского, 11А",+7 (928) 051-19-08,https://figarov.ru/,Гостиница,да,С052025005609,Отель Figarov,Действует,054202356922,324050000065189,live,1
415,Villa Victoria,Дербентский район,"Республика Дагестан, Дербентский район, село Хазар",+7 (988) 210-40-47,https://villavictoria-hotel.ru/,Гостиница,да,С052024016327,Отель «Вилла Виктория»,Действует,054206562740,312054226200027,live,1
463,Акватория Резорт,Дербентский район,"Республика Дагестан, Дербентский район, сельсовет Первомайский, село Рыбзавод-51",+7 (938) 203-66-66,http://akvatoria-derbent.ru/,"Гостиница, Жильё посуточно",да,С052026025528,Семейная резиденция-отель «Акватория Резорт»,Действует,0500013985,1240500011234,live,2
1564,Мотель,Дербентский район,"Республика Дагестан, Дербентский район",+7 (963) 418-15-80,,Гостиница,да,С052024015429,Мотель,Действует,054802387150,318057100102690,none,1
810,Гостевой дом 2560,Докузпаринский район,"Республика Дагестан, Докузпаринский район, сельское поселение Куруш",+7 (999) 477-86-66,http://2560.рф/,"Гостевой дом, Гостиница",да,С052025010698,"База отдыха ""Домики 2560""",Действует,055300466026,323057100053071,live,1
1541,Море-Горы,Докузпаринский район,"Республика Дагестан, Докузпаринский район, село Новое Каракюре, улица Етим Эмина, 15","+7 (989) 671-92-22, +7 (961) 402-42-42",,Гостиница,да,С052024017286,"Гостиница ""Марьям""",Действует,0553002472,1170571017760,none,1
1586,Наследие,Докузпаринский район,"Республика Дагестан, Докузпаринский район, сельское поселение Авадан, коттеджный комплекс Отдых, 2",+7 (928) 557-73-72,,"База, дом отдыха",да,С052026025725,"База отдыха ""Эко-вилла НАСЛЕДИЕ""",Действует,054203697844,309054227100029,none,2
1707,Рамина Дербент,Докузпаринский район,"Республика Дагестан, Докузпаринский район, село Авадан",+7 (938) 208-50-50,https://ramina-derbent.ru/,Гостевой дом,да,С052025010843,Отель «Ramina Derbent Resort»,Действует,0554007603,1210500005484,live,1
11,5 Resident,Избербаш,"Республика Дагестан, Избербаш, улица Совзихана Совзиханова, 69А",+7 (915) 215-55-55,https://5-etazh.clients.site/,Гостиница,да,С052025016418,"Отель ""5resident""",Действует,054802509063,308054807700012,live,5
28,Amore more,Избербаш,"Республика Дагестан, Избербаш, посёлок Рыбный, 8В",+7 (928) 243-36-32,,Гостиница,да,С052026023879,Аморе море,Действует,056209029396,,none,1
53,Baza Mango,Избербаш,"Республика Дагестан, Избербаш, посёлок Рыбный, 22Е",+7 (928) 249-99-98,https://baza-mango.ru/,Гостевой дом,да,С052026023128,"Гостевой дом ""База Манго""",Действует,054700635510,,error,1
175,Haus,Избербаш,"Республика Дагестан, Избербаш, Приморская улица, 1",+7 (963) 134-22-22,http://www.haus-izberbash.ru/,"Гостиница, Ресторан",да,С052026022299,Отель Хаус,Действует,054503117420,324050000082479,live,1
185,Holidays,Избербаш,"Республика Дагестан, Избербаш, улица Рыбникова, 13","+7 (928) 684-59-99, +7 (965) 491-20-21",https://holidays-ulitsa-rybnikova.clients.site/,"База, дом отдыха",да,С052026026825,Holidays,Действует,054800227708,,live,2
614,Буревестник,Избербаш,"Республика Дагестан, Избербаш, Приморская улица",+7 (909) 479-60-60,https://burevestnik-primorskaja-ulitsa.clients.site/,"База, дом отдыха",да,С052026027713,"Гостевой дом ""Буревестник""",Действует,301500630875,,live,1
835,Гостевой дом Атлан,Избербаш,"Республика Дагестан, Избербаш, ДНТ Каспий, 385",+7 (960) 413-01-88,,Гостевой дом,да,С052026028394,Гостевой дом Атлан,Действует,056104838625,,none,1
902,Гостевой дом у Бориса,Избербаш,"Республика Дагестан, Избербаш, улица Головная Нефтекачка, 11",+7 (929) 661-66-66,http://goizberbash.ru/,Гостевой дом,да,С052025007773,"Готиница ""У Бориса"" Головная Нефтекачка 6Б",Действует,772771097672,325050000077151,error,1
1058,Грин Парк Приморский,Избербаш,"Республика Дагестан, Избербаш, Приморская улица, 22В",+7 (963) 790-03-03,,"База, дом отдыха",да,С052025003709,Загородный отель Грин Парк,Действует,051485866115,322057100062924,none,1
1205,Домашний очаг,Избербаш,"Республика Дагестан, Избербаш, улица Македонского, 69",+7 (909) 483-45-96,,Гостевой дом,да,С052026028373,Домашний очаг,Действует,054803395059,,none,1
1483,Лора,Избербаш,"Республика Дагестан, Избербаш, улица Ушакова, 1/1",+7 (960) 411-08-80,,Гостевой дом,да,С052026025003,"Гостевой дом ""У Лоры""",Действует,054801209780,,none,1
1690,"Приморская улица, 11",Избербаш,"Республика Дагестан, Избербаш, Приморская улица, 11",,,Гостиница,да,С052026028720,"Гостиница ""Пират""",Действует,054802565526,326050000098260,none,1
1873,Турбаза Прибой,Избербаш,"Республика Дагестан, Избербаш, 2-я Приморская улица, 23/1","+7 (906) 480-07-07, +7 (928) 978-07-07, +7 (988) 200-07-07",http://www.priboy-tur.ru/,Турбаза,да,С052024002889,Туристская база «Прибой»,Действует,0548011792,1140548000185,live,1
1959,Фемили,Избербаш,"Республика Дагестан, Избербаш, улица Шайдаева, 11",+7 (928) 962-66-66,,Гостиница,да,С052025008237,"Гостиница ""Family""",Действует,054400387591,306054413800028,none,1
2118,Южный ветер,Избербаш,"Республика Дагестан, Избербаш, посёлок Рыбный","+7 (989) 888-76-38, +7 (922) 068-48-98",https://makhachkala.dimpoisk.ru/catalog/item634900.html,"Гостиница, Гостевой дом",да,С052026026755,Южный Ветер,Действует,890401563610,314890431000016,live,1
1971,Хадум,Казбековский район,"Республика Дагестан, Казбековский район, посёлок городского типа Дубки, 2-й квартал",+7 (988) 269-30-03,https://hadum-1719741797.clients.site/,Гостиница,да,С052026029285,База отдыха Хадум,Действует,0516012553,1180571009739,live,1
241,Magrib Caspiy,Карабудахкентский район,"Республика Дагестан, Карабудахкентский район, сельское поселение Зеленоморск, село Зеленоморск",+7 (967) 045-11-11,https://magrib-caspiy.ru/,Гостиница,да,С052026028573,"Гостиница ""Магриб Каспий""",Действует,052800248750,326050000112222,live,2
330,Santorini Family Club,Карабудахкентский район,"Республика Дагестан, Карабудахкентский район, хутор Турали 4-е",+7 (988) 293-10-03,,Гостиница,да,С052025006635,"Отель ""SANTORINI Family Club"" Индивидуальный предприниматель Шихсаидов Шамиль Ильясович",Действует,056297269740,324050000048018,none,1
546,Аэропорт,Карабудахкентский район,"Республика Дагестан, Карабудахкентский район, аэропорт Махачкала (Уйташ), Махачкала (Уйташ) терминал А",,,Гостиница,да,С052024007526,"Гостиница ""Аэропорт""",Действует,0570008298,1110570002817,none,1
610,Бриз,Карабудахкентский район,"Республика Дагестан, Карабудахкентский район, хутор Турали 5-е",+7 (995) 005-65-75,https://www.brizseahouse.ru/,"База, дом отдыха",да,С052026027766,База отдыха Бриз,Действует,775104951405,319057100049870,live,1
645,Виктория,Карабудахкентский район,"Республика Дагестан, Карабудахкентский район, сельское поселение Манаскент, село Манаскент, Манасское взморье, Морская улица, 1","+7 (988) 647-77-16, +7 (989) 824-11-47",https://victoriadagestan.ru/,Гостиница,да,С052024008437,Курортный отель «Victoria Hotel&Spa»,Действует,0571012890,1180571007231,live,3
1057,Грин Вилл,Карабудахкентский район,"Республика Дагестан, Карабудахкентский район, сельское поселение Зеленоморск, село Зеленоморск",+7 (928) 941-58-88,,"База, дом отдыха",да,С052025011190,"Гостиничный комплекс ""Green Vill""",Действует,057000266911,313052311300032,none,1
1484,Лотос,Карабудахкентский район,"Республика Дагестан, Карабудахкентский район, сельское поселение Зеленоморск, село Зеленоморск, Спортивная улица, 1",+7 (928) 515-07-63,http://lotos-ippo.ru/,"База, дом отдыха",да,С052026027606,"База отдыха ""ЛОТОС""",Действует,0522000740,1020541302044,live,1
1604,Облака,Карабудахкентский район,"Республика Дагестан, Карабудахкентский район, хутор Турали 4-е",+7 (909) 548-55-55,,"База, дом отдыха",да,С052026022897,Облака Вилла,Действует,056202733677,324050000123028,none,1
1930,Уллубий,Карабудахкентский район,"Республика Дагестан, Карабудахкентский район",+7 (965) 239-10-10,,"База, дом отдыха",да,С052026023189,Отель Ника,Действует,0522013072,1030541302076,none,1
2089,Электра Холидей,Карабудахкентский район,"Республика Дагестан, Карабудахкентский район, сельское поселение Манаскент, село Манаскент",+7 (989) 867-02-45,http://www.electra-holiday.ru/,Гостиница,да,С052024016200,Курортный отель  «Electra Holiday»,Действует,0571004610,1150571000491,live,1
40,Aura Каспийск,Каспийск,"Республика Дагестан, Каспийск, улица Магомедали Магомеджановa, 31",+7 (989) 455-99-92,http://aura-caspian.ru/,Гостиница,да,С052025012503,"Отель"" Аура""",Действует,055401487167,324050000067734,live,3
43,Azimut Hotel Kaspiysk,Каспийск,"Республика Дагестан, Каспийск, улица М. Халилова, 3",,,Гостиница,да,С052024010983,AZIMUT ПАРК ОТЕЛЬ КАСПИЙСК,Действует,0554006543,1200500004308,none,1
79,Caspianflats,Каспийск,"Республика Дагестан, Каспийск, улица Рамазана Алилова, 41",+7 (999) 533-21-28,https://caspianflats.ru/,Гостиница,да,С052026025686,Каспианфлэтс,Действует,054500276119,304054502100019,live,1
1053,Гранд отель,Каспийск,"Республика Дагестан, Каспийск, улица М. Халилова, 1",+7 (988) 696-99-11,http://grandhotel05.ru/,Гостиница,да,С052024008377,Гостиничный комплекс «Гранд Отель Каспий»,Действует,054514461714,317057100023648,live,1
1101,Ди Мари Отель,Каспийск,"Республика Дагестан, Каспийск, улица Ленина, уч1А",+7 (963) 230-00-01,http://dimare-hall.ru/,Гостиница,да,С052025011859,Отель «Di Mare Hall»,Действует,057202167896,324050000128682,live,1
1648,Падишах,Каспийск,"Республика Дагестан, Каспийск, улица Амет-хан Султана, 21/11",+7 (988) 200-38-00,https://padishakh-complex.ru/,Гостиница,да,С052026028649,Гостиница Старый замок,Действует,054501296608,321057100065880,live,1
1870,Туки-Тур,Каспийск,"Республика Дагестан, Каспийск, проспект Акулиничева, 23, корп. 2",+7 (989) 344-35-64,https://tukitour.clients.site/,Гостиница,да,С052024012001,Гостиница «ТУКИ-ТУР» ИП Баталов Шамиль Заурбекович,Действует,054600991962,323784700157556,live,1
164,Grand Villa 05,Каякентский район,"Республика Дагестан, Каякентский район, сельсовет Новокаякентский, село Инчхе, Морская улица, 77",+7 (928) 800-02-41,https://grand-villa05.ru/,Гостиница,да,С052026020562,Гранд Вилла 05,Действует,054599262828,322057100019181,live,1
257,Moremore,Каякентский район,"Республика Дагестан, Каякентский район, сельсовет Новокаякентский, село Инчхе",+7 (928) 243-55-53,,"База, дом отдыха",да,С052026027123,"Дома отдыха ""МореМоре""",Действует,054804177857,321057100065000,none,1
363,Sole mio,Каякентский район,"Республика Дагестан, Каякентский район, сельсовет Новокаякентский","+7 (988) 308-66-80, +7 (989) 887-12-47",,Гостиница,да,С052026025711,Отель «Соле Мио»,Действует,052701668240,319057100001142,none,1
1102,Доброе Море,Каякентский район,"Республика Дагестан, Каякентский район, сельсовет Новокаякентский, село Инчхе, 9","+7 (903) 660-80-90, +7 (929) 652-33-38",https://dobroe-more.clients.site/,Гостевой дом,да,С052026026974,"Гостиничный комплекс ""Доброе море""",Действует,051486074137,326050000011353,live,1
1701,Райский Пляж,Каякентский район,"Республика Дагестан, Каякентский район, сельсовет Новокаякентский","+7 (906) 450-00-05, +7 (988) 798-54-14",,"База, дом отдыха",да,С052025011024,"База отдыха ""Райский пляж""",Действует,054801748076,325050000073652,none,1
1874,Турбаза Серир,Каякентский район,"Республика Дагестан, Каякентский район, сельское поселение Первомайское, село Первомайское, улица Ленина, 66",,,Гостиница,да,С052026025066,База отдыха Серир,Действует,054600137912,304054604300114,none,1
2125,Ярус,Каякентский район,"Республика Дагестан, Каякентский район",+7 (930) 433-33-44,https://база-ярус.рф/,"База, дом отдыха",да,С052026027729,База отдыха ЯРУС,Действует,054600576229,305054627900025,live,1
1066,Даг Баш,Кизилюрт,"Республика Дагестан, город Кизилюрт, улица Вишневского, 13",+7 (989) 888-23-98,https://dagbash.ru/,Гостиница,да,С052025003778,Гостиница ДагБаш,Действует,0573014236,1200500008873,live,1
160,Gostinitsa Grand,Кизляр,"Республика Дагестан, Кизляр, улица Туманяна, 8",,,Гостиница,да,С052026023707,"Отель ""Гранд""",Действует,051703708721,318057100008517,none,1
267,Napoli,Кизляр,"Республика Дагестан, Кизляр, Махачкалинская улица, 6Б",+7 (964) 111-38-38,https://gostinitsa-napoli.clients.site/,Гостиница,да,С052024007821,"Отель ""Неаполь""",Действует,051705572219,324050000002344,live,1
1496,Мамрач,Магарамкентский район,"Республика Дагестан, Магарамкентский район, сельское поселение Советское, село Советское",,,Гостиница,да,С052024020403,Туристический комплекс «МАМРАЧ»,Действует,056105872516,307052326100044,none,1
30,Antey,Махачкала,"Республика Дагестан, Махачкала, микрорайон Караман-7, 3",+7 (961) 184-44-44,https://antey-hotel.ru/,Гостиница,да,С052026024627,Гостиничный комплекс «Антей»,Действует,056008558713,326050000031829,live,1
69,Calipso Palace,Махачкала,"Республика Дагестан, городской округ Махачкала, территория СНТ Сулак-2, 15","+7 (918) 845-25-25, +7 (937) 007-00-05, +7 (962) 140-04-61",http://calipsopalace.ru/,"База, дом отдыха",да,С052025015668,"Курортный отель  ""Калипсо Палас""",Действует,0561061070,1090561001145,live,2
72,Casa Luna,Махачкала,"Республика Дагестан, Махачкала, улица Буйнакского, 6А",+7 (989) 658-12-04,https://casa-luna.clients.site/,Гостиница,да,С052026026244,"Отель ""КасаЛуна""",Действует,055401487167,324050000067734,live,1
81,Central,Махачкала,"Республика Дагестан, Махачкала, улица Даниялова, 68","+7 (928) 809-41-04, +7 (989) 871-20-20",https://myhotelcentral.ru/contacts,Гостиница,да,С052025005759,Отель «Централ»,Действует,056207561703,324050000134814,live,1
102,DeLuxe,Махачкала,"Республика Дагестан, Махачкала, микрорайон Караман-5, Туапсинская улица","+7 (928) 559-65-65, +7 (928) 530-46-63",http://www.hotelspadeluxe.ru/,Гостиница,да,С052026029150,"Отель ""ДеЛюкс""",Действует,056209057788,326050000119721,live,1
145,Gaziazra,Махачкала,"Республика Дагестан, городской округ Махачкала, микрорайон Караман-7, улица Хайрутдина Гаджиева, 26/1",+7 (988) 450-82-28,https://gaziazra.ru/,Гостиница,да,С052026024556,Дом отдыха Газиазра,Действует,056211597090,322057100066987,live,1
152,Gold Mais,Махачкала,"Республика Дагестан, Махачкала, улица Хаджи Булача, 24",+7 (963) 424-95-95,http://hotel-mais.ru/,Гостиница,да,С052024000363,Гостиница «МАИС ГОЛД»,Действует,056111350571,320057100051542,live,1
196,Hotel Ak Gel,Махачкала,"Республика Дагестан, Махачкала, проспект Петра I, 14",,,Гостиница,да,С052024005542,"Гостиница ""Ак-Гель""",Действует,056199728755,315057100006015,none,1
197,Hotel Atmosphera,Махачкала,"Республика Дагестан, Махачкала, микрорайон Караман-6",+7 (988) 292-48-00,https://atmospherahotel.ru/,Гостиница,да,С052026022209,Атмосфера,Действует,051397380573,,live,1
236,Life,Махачкала,"Республика Дагестан, городской округ Махачкала, микрорайон Караман-7, улица Шейхмагомедова, 92","+7 (989) 455-82-69, +7 (926) 866-91-91",http://hotel-life.ru/,Гостиница,да,С052025011818,Гостиница Лайф,Действует,971801796829,322774600571770,live,8
272,Nok Zhuravli,Махачкала,"Республика Дагестан, городской округ Махачкала, микрорайон Караман-7, 2",+7 (932) 333-62-62,,Гостиница,да,С052025010327,ООО НОК «ЖУРАВЛИ»,Действует,0572020999,1180571004910,none,1
274,Nomad suite,Махачкала,"Республика Дагестан, Махачкала, улица Хаджи Булача, 54",+7 (928) 459-59-99,http://nomadsuite.ru/,Гостиница,да,С052026022443,"Апарт-отель""Номад Сюит""",Действует,3123374202,1153123015957,live,1
352,Senator,Махачкала,"Республика Дагестан, Махачкала, улица Эмирова, 32","+7 (967) 777-75-59, +7 (966) 566-66-33",http://senator-ulitsa-emirova.clients.site/,Гостиница,да,С052025010689,"Гостиница ""Сенатор""",Действует,052802488684,324050000036341,live,1
472,Аль Фирай,Махачкала,"Республика Дагестан, Махачкала, улица Нурмагомеда Гаджимагомедова, 10/1",+7 (965) 492-55-55,https://al-firay.ru/,Гостиница,да,С052024022116,Гостиница «Аль Фирай»,Действует,056205679770,318057100050920,live,1
476,АМД,Махачкала,"Республика Дагестан, Махачкала, улица Азизова, 20/1",+7 (932) 666-48-88,,Гостиница,да,С052025006382,"Отель ""AMD""",Действует,056000149740,305056008400011,none,1
542,Афалина,Махачкала,"Республика Дагестан, Махачкала, Порт-Петровская улица, 14",+7 (918) 733-28-81,http://afalina-hotel.ru/,Гостиница,да,С052025011915,Гостиница Афалина,Действует,773169922215,323774600104498,live,1
590,Бархан,Махачкала,"Республика Дагестан, городской округ Махачкала, посёлок городского типа Ленинкент, улица Темирханова, 2",+7 (964) 011-11-96,,Гостиница,да,С052026019474,"Отель ""Бархан""",Действует,056003462180,325050000162921,none,1
597,Белый медведь,Махачкала,"Республика Дагестан, Махачкала, улица Лаптиева, 79Д","+7 (928) 888-88-86, +7 (928) 566-88-66",http://www.b-medved.ru/,"Оздоровительный центр, Санаторий, Гостиница, Спа-салон",да,С052024012520,Гостиница «Белый медведь» ООО ОК «Белый Медведь»,Действует,0560036708,1080560000806,live,1
670,Восток,Махачкала,"Республика Дагестан, Махачкала, проспект Амет-хана Султана, 8Ж",+7 (928) 553-33-55,,"Гостиница, Ресторан",да,С052024001836,"Отель ""Восток"" ИП Шахмарданов Э.К.",Действует,056199554788,322057100017521,none,1
1029,Гостиница Парус,Махачкала,"Республика Дагестан, городской округ Махачкала, Береговая улица, 2",+7 (928) 050-22-27,http://doma-parus.tilda.ws/,"Гостиница, Гостевой дом",да,С052025008961,"Гостиница ""Белый парус""",Действует,056000160198,305056006100021,none,3
1091,Дельфин2,Махачкала,"Республика Дагестан, Махачкала, шоссе Махачкала-Сулак, 11-й километр, 1","+7 (928) 503-20-88, +7 (928) 503-21-33",https://baza-delfin.ru/,"База, дом отдыха",да,С052025018034,Курортный отель Дельфин,Действует,057201391408,325050000005101,live,3
1635,Отель Альградо,Махачкала,"Республика Дагестан, городской округ Махачкала, микрорайон Караман-6, Ободинская улица, 3",+7 (929) 881-93-07,https://algrado05.ru/,Гостиница,да,С052026025483,"Гостиница ""Альградо""",Действует,056204620904,326050000057061,live,1
1639,Отель Золотая Империя,Махачкала,"Республика Дагестан, Махачкала, улица Богатырёва, 4",+7 (988) 203-56-88,https://golden-empire.ru/,Гостиница,да,С052024012359,"Городская гостиница ""Золотая Империя"" ООО ""Золотая Империя""",Действует,0562058143,1040502627021,live,1
1665,Пегас,Махачкала,"Республика Дагестан, Махачкала, Федеральное шоссе, 112",+7 (963) 408-04-74,,Гостиница,да,С052024019723,Парк-отель «Пегас»,Действует,054301229876,322057100064191,none,1
1962,Фламинго,Махачкала,"Республика Дагестан, Махачкала, микрорайон Караман-7, 7",+7 (989) 461-40-00,http://flamingomakhachkala.ru/,Гостиница,да,С052024000337,Гостиница «Фламинго»,Действует,054405326867,324050000067258,live,1
2051,Чердак,Махачкала,"Республика Дагестан, Махачкала, улица Ушакова, 6И",+7 (928) 055-12-82,,Хостел,да,С052024001981,Хостел «Аниш/Чердак»,Действует,056209237526,306056127500013,none,2
2119,Юрмала,Махачкала,"Республика Дагестан, Махачкала, улица Мирзабекова, 210",+7 (964) 019-24-44,,Гостиница,да,С052026028627,"Гостиница ""Юрмала""",Действует,056013775544,324050000010133,none,1
36,Atlantis Marina,Новолакский район,"Республика Дагестан, Новолакский район, аэродром Махачкала-1 (Улар)",+7 (909) 842-22-22,http://www.atlantis-marina.ru/,Гостиница,да,С052025009003,"Отель ""Атлантис Марина""",Действует,0571008082,1160571058482,live,2
1492,"Малибу, ИП",Ногайский Район,"Республика Дагестан, Ногайский район, А-167, 17-й километр",+7 (928) 548-33-99,,"База, дом отдыха, Гостиница",да,С052024011832,Курортный отель «Золотая Вилка»,Действует,056202314161,322057100101047,none,1
717,Горный Тур,Рутульский район,"Республика Дагестан, Рутульский район, сельсовет Хлютский",+7 (928) 833-33-35,http://gornyytur.clients.site/,Гостевой дом,да,С052025008959,"База отдыха ""Домик у реки""",Действует,056103608467,323057100046233,live,1
126,EuropA,Тарумовка,"Республика Дагестан, село Тарумовка, площадь Победы",+7 (928) 527-52-55,https://europa700.ru/,Гостиница,да,С052026023641,Гостиница «Европа»,Действует,057100519154,323057100129563,live,1
1404,"Кизлярская Лагуна, ИП",Тарумовский район,"Республика Дагестан, Тарумовский район, А-167, 10-й километр",+7 (928) 802-62-06,,"Турбаза, База, дом отдыха",да,С052026025768,"База отдыха ""Кизлярская Лагуна""",Действует,0547007345,1070547000204,none,1
712,Горное Озеро,Унцукульский район,"Республика Дагестан, Унцукульский район, сельское поселение Ирганай",+7 (929) 877-14-67,https://gornoe-ozero05.clients.site/,"База, дом отдыха",да,С052025010615,"База отдыха ""Горное озеро""",Действует,056115102442,325050000083197,live,1
1239,Домики Бам-2,Унцукульский район,"Республика Дагестан, Унцукульский район",+7 (906) 448-74-44,,"База, дом отдыха",да,С052026025704,"База отдыха ""Бам-2""",Действует,0533015145,1130533000641,none,1
1411,Койсубула,Унцукульский район,"Республика Дагестан, Унцукульский район, посёлок городского типа Шамилькала","+7 (963) 425-74-74, +7 (928) 594-94-98, +7 (963) 429-05-03",https://taplink.cc/koisubula,Турбаза,да,С052026028440,"База отдыха ""Койсубула""",Действует,053300068039,321057100053452,live,1
1877,Турист,Хасавюрт,"Республика Дагестан, Хасавюрт, улица Омар-Гаджи Шахтаманова, 10",+7 (928) 937-05-75,https://gostinica-kiev.ru/,Гостевой дом,да,С052024013462,Гостиница «Турист» ООО «Скорпион»,Действует,0544002148,1070544000350,live,2
1637,Отель Гоор,Шамильский район,"Республика Дагестан, Шамильский район, село Гоор",+7 (938) 788-79-79,https://hotel-goor.ru/,Гостиница,да,С052026022323,"Загородный отель ""Гоор""",Действует,0507024464,1160571055930,live,3
1748,Сакля Горца Кахиб,Шамильский район,"Республика Дагестан, Шамильский район, село Кахиб",,,Гостиница,да,С052026026734,"Сакля Горца ""Кахиб""",Действует,052801830577,,none,1
679,Габасил Хурзабахъ,Ахвахский район,"Республика Дагестан, Ахвахский район, сельсовет Цолодинский",,,"База, дом отдыха",нет,,,,,,none,1
1976,Хайрудинил Кули,Ахвахский район,"Республика Дагестан, Ахвахский район, сельсовет Цолодинский",,,"База, дом отдыха",нет,,,,,,none,1
2014,Чалда,Ахвахский район,"Республика Дагестан, Ахвахский район, сельсовет Каратинский, село Карата",,,Гостевой дом,нет,,,,,,none,1
220,Kampala House,Ахты,"Республика Дагестан, село Ахты",+7 (989) 484-13-33,http://vk.link/,Гостевой дом,нет,,,,,,dead,1
604,БерегСамура,Ахты,"Республика Дагестан, сельсовет Ахтынский, село Ахты, Речная улица, 11А",+7 (928) 555-61-71,,Глэмпинг,нет,,,,,,none,1
926,Гостевой дом Шамсият,Ахты,"Республика Дагестан, село Ахты, улица С. Стальского, 39",+7 (988) 646-38-42,,Гостевой дом,нет,,,,,,none,1
932,Гостевой Домик,Ахты,"Республика Дагестан, село Ахты, улица Юсуфа Герейханова, 54А",+7 (921) 716-76-66,,Глэмпинг,нет,,,,,,none,2
1059,Грязелечебница Джени,Ахты,"Республика Дагестан, сельсовет Ахтынский, село Курукал, 11",+7 (928) 875-66-91,,Санаторий,нет,С052025000373,"Общество с ограниченной ответственностью ""Грязелечебница Джени""",Архивный,0504006234,1100523000148,none,1
1207,Домик в Ахты,Ахты,"Республика Дагестан, сельсовет Ахтынский, село Ахты, улица Газрета Алиева, 12",+7 (928) 800-55-41,,Гостиница,нет,,,,,,none,1
1208,Домик в горах,Ахты,"Республика Дагестан, сельсовет Ахтынский, село Ахты, переулок Шарвели",+7 (928) 837-26-19,,Гостевой дом,нет,,,,,,none,1
1786,Семейные домики,Ахты,"Республика Дагестан, сельсовет Ахтынский, село Ахты, Речная улица 4-й переулок, 2А",+7 (999) 377-37-77,https://semeinye-domiki.clients.site/,Гостиница,нет,,,,,,live,1
18,Ahty Inn,Ахтынский район,"Республика Дагестан, Ахтынский район, село Курукал",+7 (999) 705-25-84,,Гостиница,нет,,,,,,none,1
998,Гостиница,Ахтынский район,"Республика Дагестан, Ахтынский район, село Курукал, 1-й тупик, 10",+7 (928) 576-29-09,,Гостиница,нет,,,,,,none,1
1049,Государственное бюджетное учреждение Республики Дагестан Республиканский детский ревматологический санаторий Ахты,Ахтынский район,"Республика Дагестан, Ахтынский район, село Курукал",+7 (928) 566-21-01,,Санаторий,нет,С052025000353,"Государственное бюджетное учреждение Республики Дагестан ""Республиканский детский ревматологический санаторий ""Ахты""",Архивный,0504005689,1040500603395,none,1
1098,Джани,Ахтынский район,"Республика Дагестан, Ахтынский район, село Курукал, 13",+7 (928) 238-01-15,,"Гостиница, Баня, Ресторан",нет,,,,,,none,1
1512,Медвежий Остров,Бабаюртовский Район,"Республика Дагестан, Бабаюртовский район, сельсовет Тамазатюбинский",,,"База, дом отдыха",нет,,,,,,none,2
560,База отдыха Алхар,Ботлихский район,"Республика Дагестан, Ботлихский район, село Анди",+7 (963) 425-77-77,,"База, дом отдыха",нет,,,,,,none,1
2110,Этнопарк Анди,Ботлихский район,"Республика Дагестан, Ботлихский район","+7 (989) 878-04-46, +7 (988) 444-99-20, +7 (960) 409-68-25",http://etnoandi.ru/,"База, дом отдыха",нет,,,,,,live,1
251,Merkuriy Hotel,Буйнакск,"Республика Дагестан, Буйнакск, улица Имама Шамиля, 1",,,Гостиница,нет,,,,,,none,1
924,Гостевой дом Цувади,Буйнакск,"Республика Дагестан, Буйнакск, улица Наби Аминтаева",+7 (989) 457-57-01,,"Гостевой дом, Гостиница",нет,,,,,,none,1
1519,Меркурий,Буйнакск,"Республика Дагестан, Буйнакск, улица Имама Гази-Магомеда, 1",+7 (928) 800-54-07,,Гостиница,нет,,,,,,none,1
1781,Сезон,Буйнакск,"Республика Дагестан, Буйнакск, улица Шихсаидова, 46","+7 (989) 442-88-04, +7 (928) 547-88-04",,Гостиница,нет,С052024016915,"Городская гостиница ""SEZON"" ИП Ахмедов Абдулмукмин Тагирович",Прекращен,054303668004,319057100026700,none,1
50,Bagevleri,Буйнакский район,"Республика Дагестан, Буйнакский район, сельсовет Ишкартынский, Гумбет",,,Гостиница,нет,,,,,,none,1
313,Rest relax,Буйнакский район,"Республика Дагестан, Буйнакский район, сельское поселение Чиркей","+7 (928) 277-75-86, +7 (989) 875-51-11",,Турбаза,нет,,,,,,none,1
355,Sky Canyon,Буйнакский район,"Республика Дагестан, Буйнакский район, сельское поселение Чиркей, село Чиркей",,,Гостиница,нет,,,,,,none,1
368,Strannik,Буйнакский район,"Республика Дагестан, Буйнакский район, сельское поселение Чиркей",+7 (928) 054-27-41,https://kemping-strannik.clients.site/,Кемпинг,нет,,,,,,live,1
432,Zipline Aqua,Буйнакский район,"Республика Дагестан, Буйнакский район","+7 (924) 222-99-99, +7 (928) 564-54-94",,"Турбаза, Канатная дорога, фуникулёр",нет,,,,,,none,1
537,Атланта,Буйнакский район,"Республика Дагестан, Буйнакский район, село Атланаул","+7 (929) 883-76-69, +7 (989) 463-96-56",,Гостиница,нет,,,,,,none,1
544,Ахмад,Буйнакский район,"Республика Дагестан, Буйнакский район, село Чиркей, улица Сураката Асиятилова, 46",+7 (938) 201-20-20,,Гостиница,нет,,,,,,none,1
611,Бузна,Буйнакский район,"Республика Дагестан, Буйнакский район",+7 (967) 692-77-77,,"База, дом отдыха",нет,,,,,,none,1
704,Глэмпинг Остров,Буйнакский район,"Республика Дагестан, Буйнакский район, сельское поселение Чиркей",+7 (928) 503-07-77,http://dagglamping.ru/,"Кемпинг, Глэмпинг",нет,,,,,,live,2
719,Горячий источник,Буйнакский район,"Республика Дагестан, Буйнакский район",,,"База, дом отдыха",нет,,,,,,none,1
936,Гостевые домики,Буйнакский район,"Республика Дагестан, Буйнакский район",+7 (932) 479-88-88,,"База, дом отдыха",нет,,,,,,none,1
1504,Махач,Буйнакский район,"Республика Дагестан, Буйнакский район, село Чиркей, Буйнакское шоссе, 46",+7 (928) 800-97-38,,Гостиница,нет,,,,,,none,1
1530,Мирзабек,Буйнакский район,"Республика Дагестан, Буйнакский район, село Чиркей, Буйнакское шоссе",+7 (928) 678-33-53,,Гостиница,нет,,,,,,none,1
1610,Орленок,Буйнакский район,"Республика Дагестан, Буйнакский район",,,"База, дом отдыха",нет,,,,,,none,1
1669,Персиковый Остров,Буйнакский район,"Республика Дагестан, Буйнакский район, сельское поселение Чиркей, село Чиркей",+7 (928) 297-44-44,,"База, дом отдыха",нет,,,,,,none,2
1672,Планета,Буйнакский район,"Республика Дагестан, Буйнакский район",,,"База, дом отдыха",нет,,,,,,none,1
1703,Райское ущелье,Буйнакский район,"Республика Дагестан, Буйнакский район",+7 (928) 559-61-36,,Гостиница,нет,,,,,,none,1
1829,Сулакский берег,Буйнакский район,"Республика Дагестан, Буйнакский район",+7 (928) 556-45-40,,"База, дом отдыха",нет,,,,,,none,1
1925,У Хабийбат,Буйнакский район,"Республика Дагестан, Буйнакский район, поселок Нижние Ишкарты, улица И.В. Сталина, 46","+7 (988) 645-49-39, +7 (929) 868-00-34",http://www.u-habiybat.tilda.ws/,Гостиница,нет,,,,,,live,1
2077,Эдем,Буйнакский район,"Республика Дагестан, Буйнакский район, сельское поселение Чиркей","+7 (928) 523-90-98, +7 (989) 927-17-80",,Кемпинг,нет,,,,,,none,1
2087,Экопарк Эрпели,Буйнакский район,"Республика Дагестан, Буйнакский район",+7 (989) 048-77-77,https://makhachkala.dimpoisk.ru/catalog/item646572.html,Кемпинг,нет,,,,,,live,1
101,Dakha house,Гергебильский район,"Республика Дагестан, Гергебильский район, сельское поселение Чалда, село Чалда",+7 (962) 111-12-72,,Гостиница,нет,,,,,,none,1
114,Domik_Usha_Gora,Гергебильский район,"Республика Дагестан, Гергебильский район, село Чалда, улица Имама Шамиля, 13",+7 (967) 499-99-04,,"База, дом отдыха",нет,,,,,,none,1
147,GlampPro,Гергебильский район,"Республика Дагестан, Гергебильский район, село Чалда, Шоссейная улица, 6",+7 (965) 550-51-51,,Турбаза,нет,,,,,,none,1
159,Gorygo Camp,Гергебильский район,"Республика Дагестан, Гергебильский район, село Чалда, улица Имама Шамиля, 1",+7 (8722) 52-24-20,,Глэмпинг,нет,,,,,,none,1
205,Hotel_dobriy_dom_,Гергебильский район,"Республика Дагестан, Гергебильский район, село Чалда",+7 (967) 398-35-57,,"База, дом отдыха",нет,,,,,,none,1
262,Mountain house,Гергебильский район,"Республика Дагестан, Гергебильский район, село Чалда",+7 (964) 490-51-58,https://mountain-house-1698752771.clients.site/,Гостиница,нет,,,,,,live,1
270,Nest Hotel,Гергебильский район,"Республика Дагестан, Гергебильский район, сельское поселение Чалда, село Чалда, Шоссейная улица, 5",+7 (906) 481-67-65,,"База, дом отдыха",нет,,,,,,none,1
447,Адамант,Гергебильский район,"Республика Дагестан, Гергебильский район",+7 (967) 938-98-50,https://adamattur.com/,Турбаза,нет,,,,,,live,2
624,В гостях у горца,Гергебильский район,"Республика Дагестан, Гергебильский район, сельсовет Дарада-Мурадинский",+7 (928) 554-89-25,,Гостиница,нет,,,,,,none,1
638,Вершина Чалды,Гергебильский район,"Республика Дагестан, Гергебильский район, сельское поселение Чалда, село Чалда, улица Имама Шамиля, 13Б",+7 (964) 049-23-23,https://villapatimat.ru/,Гостевой дом,нет,,,,,,error,1
845,Гостевой дом Гасанов,Гергебильский район,"Республика Дагестан, Гергебильский район",+7 (967) 936-95-55,,Гостевой дом,нет,,,,,,none,1
862,Гостевой дом Койсу,Гергебильский район,"Республика Дагестан, Гергебильский район, село Чалда, Шоссейная улица, 6",+7 (903) 480-10-82,,Гостевой дом,нет,С052024012042,ГОСТИНИЦА«КОЙСУ»,Прекращен,050801904730,323057100012477,none,2
964,Гостиница,Гергебильский район,"Республика Дагестан, Гергебильский район, сельсовет Могохский",+7 (932) 307-19-89,,Гостиница,нет,,,,,,none,1
1069,Дахадаев,Гергебильский район,"Республика Дагестан, Гергебильский район, сельское поселение Чалда, село Чалда, Шоссейная улица, 5",+7 (964) 002-22-67,,Гостиница,нет,,,,,,none,1
1095,Деревянные домики,Гергебильский район,"Республика Дагестан, Гергебильский район, сельское поселение Чалда",+7 (967) 405-80-00,http://adamant-house.ru/,"База, дом отдыха",нет,,,,,,error,1
1210,Домик в горах,Гергебильский район,"Республика Дагестан, Гергебильский район, село Курми, улица Абулмуслима Шейха",+7 (960) 576-55-55,https://домик-в-горах-дагестана.рф/,Гостиница,нет,,,,,,live,2
1242,Домики в горах,Гергебильский район,"Республика Дагестан, Гергебильский район, Чалда",+7 (988) 270-67-73,https://домикивгорах.рф/,Турбаза,нет,,,,,,dead,1
1327,Как дома,Гергебильский район,"Республика Дагестан, Гергебильский район, село Курми, улица Гамзатова, 14",+7 (989) 666-70-11,,Гостевой дом,нет,,,,,,none,1
1455,Купольные дома,Гергебильский район,"Республика Дагестан, Гергебильский район, сельсовет Хвартикунинский, 10Д",+7 (968) 511-11-65,,"База, дом отдыха",нет,,,,,,none,1
1616,Островок,Гергебильский район,"Республика Дагестан, Гергебильский район, сельское поселение Курми",,,Гостиница,нет,,,,,,none,1
1651,Пандур Кикуни,Гергебильский район,"Республика Дагестан, Гергебильский район, сельсовет Кикунинский, село Кикуни, улица Исмаила Магомедова, 13",+7 (988) 644-83-83,http://pandurkikuni.ru/,Хостел,нет,,,,,,error,1
1708,Ранчо,Гергебильский район,"Республика Дагестан, Гергебильский район, сельское поселение Курми, село Курми",,,Гостиница,нет,,,,,,none,1
1840,Счастье в горах,Гергебильский район,"Республика Дагестан, Гергебильский район, сельское поселение Курми, село Курми","+7 (930) 249-00-08, +7 (965) 488-89-53",http://hotelhappy.tilda.ws/05,Гостиница,нет,,,,,,live,1
1879,Туристический комплекс Асакула,Гергебильский район,"Республика Дагестан, Гергебильский район, сельсовет Кикунинский",+7 (928) 932-01-01,http://www.asakula.ru/,"База, дом отдыха",нет,,,,,,error,1
1916,У реки,Гергебильский район,"Республика Дагестан, Гергебильский район, село Курми, улица Энергетиков, 47","+7 (903) 499-93-54, +7 (988) 445-10-00",,"Гостевой дом, Гостиница",нет,,,,,,none,1
1957,Фатима,Гергебильский район,"Республика Дагестан, Гергебильский район, село Чалда, Шоссейная улица",,,Гостиница,нет,,,,,,none,1
2103,Этно дом Могох,Гергебильский район,"Республика Дагестан, Гергебильский район, сельсовет Могохский, село Могох, улица Горького, 1","+7 (977) 644-77-77, +7 (928) 575-69-75",,Гостевой дом,нет,,,,,,none,1
2114,Эхо гор,Гергебильский район,"Республика Дагестан, Гергебильский район, сельсовет Хвартикунинский",+7 (909) 555-55-36,,Турбаза,нет,,,,,,none,1
682,Гадари,Гумбетовский район,"Республика Дагестан, Гумбетовский район, село Гадари, 1",+7 (928) 803-68-58,,Турбаза,нет,,,,,,none,1
1047,Гостиный дом,Гумбетовский район,"Республика Дагестан, Гумбетовский район, село Чирката, улица имени Сайидмухаммад-хаджи Абубакарова, 33",+7 (923) 767-77-71,,Гостиница,нет,,,,,,none,1
1531,МириДа,Гумбетовский район,"Республика Дагестан, Гумбетовский район, село Чирката",+7 (988) 270-88-89,,Гостевой дом,нет,,,,,,none,1
1608,Онота,Гумбетовский район,"Республика Дагестан, Гумбетовский район, сельское поселение Ингиши",+7 (988) 291-16-96,,"База, дом отдыха",нет,,,,,,none,1
1936,Усадьба Чиркаты,Гумбетовский район,"Республика Дагестан, Гумбетовский район",+7 (999) 038-63-91,,Гостиница,нет,,,,,,none,1
2062,Шале N’5,Гумбетовский район,"Республика Дагестан, Гумбетовский район, сельсовет Мехельтинский, село Старый Сивух",+7 (988) 721-93-93,,"Жильё посуточно, База, дом отдыха",нет,,,,,,none,1
2065,Шатёр,Гумбетовский район,"Республика Дагестан, Гумбетовский район, село Чирката",+7 (993) 999-97-11,,Гостиница,нет,,,,,,none,1
17,Ach_2000,Гуниб,"Республика Дагестан, село Гуниб, улица Расула Гамзатова",+7 (988) 444-60-59,,"Гостевой дом, Гостиница",нет,,,,,,none,1
173,Gunib Crown,Гуниб,"Республика Дагестан, село Гуниб, улица имени Имама Шамиля, 100",+7 (916) 999-19-00,,"База, дом отдыха",нет,,,,,,none,1
187,Home,Гуниб,"Республика Дагестан, село Гуниб, Гунибская улица, 13А",+7 (988) 448-87-08,,"База, дом отдыха",нет,,,,,,none,1
386,Sz,Гуниб,"Республика Дагестан, село Гуниб, улица Расула Гамзатова, 18",+7 (988) 466-12-99,,Гостиница,нет,,,,,,none,1
403,Uyutnyy_dvorik,Гуниб,"Республика Дагестан, село Гуниб",+7 (989) 886-60-10,,"Гостевой дом, База, дом отдыха",нет,,,,,,none,1
477,Амина,Гуниб,"Республика Дагестан, село Гуниб, Артельная улица, 5",+7 (988) 440-49-49,,Гостиница,нет,,,,,,none,1
635,Веранда у Кисаран,Гуниб,"Республика Дагестан, село Гуниб",+7 (989) 485-31-54,https://veranda-u-kisaran-verhnij.clients.site/,Гостиница,нет,,,,,,live,1
677,Высота,Гуниб,"Республика Дагестан, село Гуниб, улица имени Имама Шамиля, 1",,,Гостиница,нет,,,,,,none,1
692,ГБУ РДС Республиканский детский санаторий Гуниб,Гуниб,"Республика Дагестан, сельское поселение Гуниб",+7 (989) 658-66-17,http://www.rdsgunib.ru/,Санаторий,нет,С052025000357,"Государственное бюджетное учреждение республики Дагестан республиканский детский санаторий ""Гуниб""",Архивный,0510007250,1030500816455,live,1
773,Гостевой дом,Гуниб,"Республика Дагестан, село Гуниб, улица имени Имама Шамиля, 49","+7 (989) 678-28-49, +7 (988) 200-04-94",,"База, дом отдыха",нет,,,,,,none,1
804,Гостевой дом,Гуниб,"Республика Дагестан, сельское поселение Гуниб, плато Гуниб",+7 (985) 400-91-93,,Турбаза,нет,,,,,,none,1
820,Гостевой дом Holiday Home,Гуниб,"Республика Дагестан, село Гуниб",+7 (928) 875-24-74,,"Гостевой дом, Гостиница",нет,,,,,,none,1
839,Гостевой дом в верхнем Гунибе,Гуниб,"Республика Дагестан, село Гуниб, улица Абдурахмана Газиева, 7",+7 (989) 479-30-43,,"Гостевой дом, Гостиница",нет,,,,,,none,1
842,Гостевой дом в центре Гуниба,Гуниб,"Республика Дагестан, село Гуниб, улица имени Имама Шамиля, 8",+7 (960) 408-45-76,,"Гостевой дом, Гостиница",нет,,,,,,none,1
844,Гостевой Дом Высота,Гуниб,"Республика Дагестан, село Гуниб, улица имени Абдурахмана Даниялова, 2",,,Гостиница,нет,,,,,,none,1
915,Гостевой дом у Рустема,Гуниб,"Республика Дагестан, село Гуниб, улица имени Имама Шамля, 1",+7 (928) 680-00-01,,Гостевой дом,нет,,,,,,none,1
919,Гостевой дом у Халимы,Гуниб,"Республика Дагестан, село Гуниб",+7 (918) 847-24-86,,"База, дом отдыха",нет,,,,,,none,1
960,Гостиница,Гуниб,"Республика Дагестан, сельское поселение Гуниб",+7 (989) 663-71-10,,Гостиница,нет,,,,,,none,1
1021,Гостиница Гуниб,Гуниб,"Республика Дагестан, село Гуниб, улица имени Имама Шамиля",+7 (966) 743-53-70,,Гостиница,нет,,,,,,none,1
1061,Гуниб Премиум,Гуниб,"Республика Дагестан, село Гуниб, улица Абдурахмана Газиева, 22","+7 (906) 447-00-04, +7 (988) 772-22-22, +7 (963) 425-80-78",https://premium-ulitsa-abdurahmana-gazieva.clients.site/,"Гостевой дом, Гостиница",нет,,,,,,live,1
1062,Гуниб этно хаус,Гуниб,"Республика Дагестан, село Гуниб",+7 (910) 447-11-22,https://gunib-etno-house.clients.site/,"База, дом отдыха",нет,,,,,,live,1
1063,Гунибские Домики,Гуниб,"Республика Дагестан, село Гуниб",,,Кемпинг,нет,,,,,,none,1
1115,Дом души,Гуниб,"Республика Дагестан, село Гуниб, площадь имени Имама Шамиля, 1",+7 (988) 295-75-42,,"База, дом отдыха",нет,,,,,,none,1
1190,Дом-музей Калининский,Гуниб,"Республика Дагестан, село Гуниб",+7 (988) 639-04-45,,"База, дом отдыха",нет,,,,,,none,1
1237,Домик у Умайры,Гуниб,"Республика Дагестан, село Гуниб, улица имени Имама Шамиля, 79",+7 (988) 212-31-16,,Гостиница,нет,,,,,,none,1
1416,Комфорт,Гуниб,"Республика Дагестан, село Гуниб, Гунибская улица, 12Г",,,Гостиница,нет,,,,,,none,1
1444,Крепостная стена,Гуниб,"Республика Дагестан, село Гуниб",,,Кемпинг,нет,,,,,,none,1
1447,Крепость Шамиля,Гуниб,"Республика Дагестан, сельское поселение Гуниб","+7 (969) 200-00-09, +7 (988) 200-00-09",,"Турбаза, Гостиница",нет,,,,,,none,1
1478,Лесник,Гуниб,"Республика Дагестан, село Гуниб, 1",,,Гостиница,нет,,,,,,none,1
1666,Пение птиц,Гуниб,"Республика Дагестан, село Гуниб, Гунибская улица, 6",+7 (965) 201-15-10,,Гостевой дом,нет,,,,,,none,1
1694,Про Гуниб,Гуниб,"Республика Дагестан, село Гуниб",,,Турбаза,нет,,,,,,none,1
1723,Релакс_Гуниб,Гуниб,"Республика Дагестан, село Гуниб, улица имени Имама Шамиля, 119","+7 (960) 407-93-88, +7 (909) 483-84-00",,"База, дом отдыха",нет,,,,,,none,1
1813,Солнечный Холм,Гуниб,"Республика Дагестан, село Гуниб",+7 (903) 429-39-14,,Гостиница,нет,,,,,,none,1
1885,У Багиры,Гуниб,"Республика Дагестан, село Гуниб, улица Зайнудина Муртазалиева, 12",,,Гостиница,нет,,,,,,none,1
1950,Уютный домик,Гуниб,"Республика Дагестан, село Гуниб, Гунибская улица, 8",+7 (988) 304-90-22,,"Гостевой дом, Гостиница, Жильё посуточно",нет,,,,,,none,1
1964,Форест Глэмп,Гуниб,"Республика Дагестан, село Гуниб",,,Кемпинг,нет,,,,,,none,1
1999,Хостел в центре Гуниба,Гуниб,"Республика Дагестан, село Гуниб, площадь имени Имама Шамиля, 1",,,Хостел,нет,,,,,,none,1
2004,Хостел Ночлег,Гуниб,"Республика Дагестан, село Гуниб, Дорожная улица, 27",,,Хостел,нет,,,,,,none,1
2078,Эдем,Гуниб,"Республика Дагестан, село Гуниб",+7 (988) 429-33-55,,"База, дом отдыха",нет,,,,,,none,1
2099,Этнический дом Высота,Гуниб,"Республика Дагестан, село Гуниб, улица имени Имама Шамиля, 2Е","+7 (985) 979-00-99, +7 (916) 245-74-73",https://vysotagunib.ru/,"База, дом отдыха",нет,,,,,,live,2
15,95 Коммуна,Гунибский район,"Республика Дагестан, Гунибский район, село Коммуна, Чох-Коммунская улица, 159",+7 (988) 431-29-95,,"Гостевой дом, Гостиница",нет,,,,,,none,1
16,A-frame,Гунибский район,"Республика Дагестан, Гунибский район, село Чох",+7 (988) 297-67-70,,Гостиница,нет,,,,,,none,1
70,Campland Gunib,Гунибский район,"Республика Дагестан, Гунибский район",+7 (963) 411-06-18,,Кемпинг,нет,,,,,,none,1
83,Chill,Гунибский район,"Республика Дагестан, Гунибский район, сельсовет Чохский","+7 (921) 550-51-08, +7 (988) 225-19-19",http://chillglamp.ru/,Кемпинг,нет,,,,,,live,1
237,Loft,Гунибский район,"Республика Дагестан, Гунибский район, село Нижний Кегер, Заводская улица, 119",+7 (988) 484-55-55,,Гостиница,нет,,,,,,none,2
243,Maktub House,Гунибский район,"Республика Дагестан, Гунибский район",+7 (988) 467-78-77,,Гостиница,нет,,,,,,none,1
327,Santa-barbara,Гунибский район,"Республика Дагестан, Гунибский район, село Коммуна",,,Гостиница,нет,,,,,,none,1
404,Veranda,Гунибский район,"Республика Дагестан, Гунибский район, село Карадах, 84",+7 (989) 480-45-40,,Гостиница,нет,,,,,,none,1
422,Welcome to Salta,Гунибский район,"Республика Дагестан, Гунибский район, село Салта, имени Шейха Узун Хаджи Салтинского, 118",+7 (928) 833-12-00,,Гостиница,нет,,,,,,none,2
442,Аватарка,Гунибский район,"Республика Дагестан, Гунибский район, село Согратль",+7 (917) 349-08-93,,"База, дом отдыха",нет,,,,,,none,1
552,База отдыха,Гунибский район,"Республика Дагестан, Гунибский район, сельсовет Кегерский",+7 (963) 420-77-88,,"База, дом отдыха",нет,,,,,,none,1
568,База отдыха Наказух,Гунибский район,"Республика Дагестан, Гунибский район, сельсовет Согратлинский",,,"База, дом отдыха",нет,,,,,,none,1
608,Большая пещера,Гунибский район,"Республика Дагестан, Гунибский район, сельсовет Согратлинский","+7 (989) 898-76-03, +7 (988) 291-99-53, +7 (988) 292-07-59",,Гостиница,нет,,,,,,none,1
623,В гостях у гор,Гунибский район,"Республика Дагестан, Гунибский район, сельское поселение Гонода",,,"База, дом отдыха",нет,,,,,,none,1
688,Гармония гор,Гунибский район,"Республика Дагестан, Гунибский район",+7 (988) 779-17-77,,"База, дом отдыха",нет,,,,,,none,1
702,Глэмпинг Villa Memory,Гунибский район,"Республика Дагестан, Гунибский район, село Салта",,,"Глэмпинг, Гостиница",нет,,,,,,none,1
713,Горное Эхо,Гунибский район,"Республика Дагестан, Гунибский район, сельсовет Ругуджинский",+7 (928) 540-05-82,,"База, дом отдыха",нет,,,,,,none,1
723,Гостевой двор Путник,Гунибский район,"Республика Дагестан, Гунибский район, село Чох, поселок Ходоб",,,Гостиница,нет,,,,,,none,1
744,Гостевой дом,Гунибский район,"Республика Дагестан, Гунибский район, село Хоточ",+7 (989) 899-61-46,,"Гостевой дом, Гостиница",нет,,,,,,none,1
757,Гостевой дом,Гунибский район,"Республика Дагестан, Гунибский район, сельсовет Чохский",+7 (903) 429-07-90,,Гостевой дом,нет,,,,,,none,1
808,Гостевой дом 19,Гунибский район,"Республика Дагестан, Гунибский район, село Чох, Центральная улица, 19","+7 (989) 458-61-13, +7 (989) 651-55-46",,"Гостевой дом, Гостиница",нет,,,,,,none,1
814,Гостевой дом 418,Гунибский район,"Республика Дагестан, Гунибский район, сельсовет Согратлинский, село Согратль, улица Митлиб, 418",+7 (988) 797-03-90,,Гостевой дом,нет,,,,,,none,1
832,Гостевой дом Анастасия,Гунибский район,"Республика Дагестан, Гунибский район, село Чох, Центральная улица",+7 (909) 486-76-43,,"Гостевой дом, Гостиница",нет,,,,,,none,1
864,Гостевой дом Курбанов,Гунибский район,"Республика Дагестан, Гунибский район, село Коммуна",+7 (988) 640-54-45,,"База, дом отдыха",нет,,,,,,none,1
879,Гостевой дом на скале,Гунибский район,"Республика Дагестан, Гунибский район, сельское поселение Салта",+7 (988) 217-49-90,,Гостевой дом,нет,,,,,,none,1
883,Гостевой Дом Нахибашева,Гунибский район,"Республика Дагестан, Гунибский район, село Чох, Чохская улица, 194",+7 (962) 775-45-89,,Гостевой дом,нет,,,,,,none,1
888,Гостевой дом Панорама,Гунибский район,"Республика Дагестан, Гунибский район, сельсовет Чохский, село Коммуна",,,Гостиница,нет,,,,,,none,1
913,Гостевой дом у Патимат,Гунибский район,"Республика Дагестан, Гунибский район, село Чох",+7 (988) 631-04-71,,"Гостевой дом, Гостиница",нет,,,,,,none,1
914,Гостевой дом у Розы,Гунибский район,"Республика Дагестан, Гунибский район, село Коммуна",,,"Гостевой дом, Гостиница",нет,,,,,,none,1
918,Гостевой дом У Хабиба,Гунибский район,"Республика Дагестан, Гунибский район, село Коммуна, 18А","+7 (988) 309-98-27, +7 (989) 450-52-89",,"База, дом отдыха",нет,,,,,,none,1
928,Гостевой дом Эдем,Гунибский район,"Республика Дагестан, Гунибский район, село Бацада",+7 (988) 783-80-09,,"База, дом отдыха",нет,,,,,,none,1
971,Гостиница,Гунибский район,"Республика Дагестан, Гунибский район, село Коммуна",+7 (989) 463-73-99,,Гостиница,нет,,,,,,none,1
980,Гостиница,Гунибский район,"Республика Дагестан, Гунибский район, село Чох",+7 (988) 228-61-68,,Гостиница,нет,,,,,,none,1
1080,Дачный дом,Гунибский район,"Республика Дагестан, Гунибский район, село Ругуджа, 104",,,"База, дом отдыха",нет,,,,,,none,1
1145,Дом отдыха,Гунибский район,"Республика Дагестан, Гунибский район, село Хоточ, Хоточинская улица, 22",+7 (989) 664-49-54,,"База, дом отдыха",нет,,,,,,none,1
1147,Дом отдыха Горного ботанического сада ДНЦ РАН,Гунибский район,"Республика Дагестан, Гунибский район",,http://www.gorbotsad.ru/,"База, дом отдыха",нет,,,,,,live,1
1149,Дом охотника,Гунибский район,"Республика Дагестан, Гунибский район, село Чох",+7 (989) 460-12-90,,Гостевой дом,нет,,,,,,none,1
1185,Дом у Раби,Гунибский район,"Республика Дагестан, Гунибский район, село Хоточ",+7 (988) 306-35-40,,"База, дом отдыха",нет,,,,,,none,1
1328,Как Дома,Гунибский район,"Республика Дагестан, Гунибский район, село Салта",+7 (928) 555-67-68,,Гостиница,нет,,,,,,none,1
1396,Кемпинг,Гунибский район,"Республика Дагестан, Гунибский район","+7 (963) 375-17-77, +7 (906) 447-03-77",https://kemping-1705927220.clients.site/,Кемпинг,нет,,,,,,live,1
1629,Отель Loft,Гунибский район,"Республика Дагестан, Гунибский район, сельсовет Кегерский, село Нижний Кегер, 1А",,,Гостиница,нет,,,,,,none,1
1750,Салта,Гунибский район,"Республика Дагестан, Гунибский район",+7 (989) 876-55-85,https://saltahouse.ru/,"База, дом отдыха",нет,,,,,,live,1
1751,Салта Экстрим,Гунибский район,"Республика Дагестан, Гунибский район, село Салта",,,"База, дом отдыха",нет,,,,,,none,1
1752,Салта. Домик в горах,Гунибский район,"Республика Дагестан, Гунибский район, село Салта",+7 (989) 889-78-67,https://makhachkala.dimpoisk.ru/catalog/item645529.html,"База, дом отдыха, Гостиница",нет,,,,,,live,1
1799,Серпантин,Гунибский район,"Республика Дагестан, Гунибский район, село Салта","+7 (989) 469-38-30, +7 (963) 408-41-78",,Гостиница,нет,,,,,,none,1
1884,У бабу,Гунибский район,"Республика Дагестан, Гунибский район, село Чох, Центральная улица, 47","+7 (989) 458-50-97, +7 (989) 458-50-96, +7 (989) 655-52-12",,"База, дом отдыха",нет,,,,,,none,1
1891,У Гороловых,Гунибский район,"Республика Дагестан, Гунибский район, село Чох","+7 (989) 663-20-00, +7 (988) 796-94-36",https://u-gorolovyh.clients.site/,"Гостевой дом, Гостиница",нет,,,,,,live,1
1902,У Магомеда,Гунибский район,"Республика Дагестан, Гунибский район, сельсовет Чохский, село Коммуна","+7 (988) 695-03-73, +7 (916) 696-88-12",,Гостиница,нет,,,,,,none,2
1908,У Мухаммада,Гунибский район,"Республика Дагестан, Гунибский район, сельское поселение Хоточ",+7 (989) 474-93-86,,"База, дом отдыха, Гостиница",нет,,,,,,none,1
1912,У Патишки,Гунибский район,"Республика Дагестан, Гунибский район, сельское поселение Хоточ",,,Гостиница,нет,,,,,,none,1
1917,У Сайпулы,Гунибский район,"Республика Дагестан, Гунибский район, сельсовет Чохский, село Коммуна, Чох-Коммунская улица, 118",+7 (906) 482-10-16,,Гостиница,нет,,,,,,none,1
1922,У Умара Хатабыча,Гунибский район,"Республика Дагестан, Гунибский район, село Хоточ",+7 (929) 828-22-16,,"База, дом отдыха",нет,,,,,,none,1
1926,У Шерифа,Гунибский район,"Республика Дагестан, Гунибский район, село Чох, Чохская улица, 208",+7 (988) 268-17-44,https://u-sherifa-1759149007.clients.site/,Гостиница,нет,,,,,,live,1
1934,Ункида,Гунибский район,"Республика Дагестан, Гунибский район, село Хутни",,,"База, дом отдыха",нет,,,,,,none,1
1953,Фазенда,Гунибский район,"Республика Дагестан, Гунибский район, сельсовет Чохский",+7 (928) 511-51-08,,"База, дом отдыха",нет,,,,,,none,1
1984,Хвалтиш,Гунибский район,"Республика Дагестан, Гунибский район","+7 (909) 483-95-95, +7 (909) 483-95-95",,Гостиница,нет,,,,,,none,1
1985,ХидХас,Гунибский район,"Республика Дагестан, Гунибский район, село Хиндах",+7 (928) 528-74-00,,Гостиница,нет,,,,,,none,1
2069,Шахрузад,Гунибский район,"Республика Дагестан, Гунибский район, село Чох",+7 (988) 695-77-67,,Гостиница,нет,,,,,,none,1
2108,Этнодом,Гунибский район,"Республика Дагестан, Гунибский район, село Чох, Чохская улица, 99А",+7 (980) 888-05-05,,Гостевой дом,нет,,,,,,none,1
59,Big home inzhe,Дагестан,Республика Дагестан,+7 (938) 201-19-86,,"База, дом отдыха",нет,,,,,,none,1
80,Caspianside,Дагестан,Республика Дагестан,+7 (964) 011-33-66,,Гостевой дом,нет,,,,,,none,1
97,Dacha055,Дагестан,Республика Дагестан,"+7 (964) 002-44-25, +7 (965) 442-55-55",,"База, дом отдыха",нет,,,,,,none,1
144,Garden hotel,Дагестан,"Республика Дагестан, село Гергебиль",+7 (961) 837-55-36,,Гостиница,нет,,,,,,none,1
174,Gunib_dva_doma,Дагестан,"Республика Дагестан, 82К-005","+7 (988) 645-70-09, +7 (965) 490-02-53",,Гостиница,нет,,,,,,none,1
219,Kamni Place,Дагестан,Республика Дагестан,+7 (928) 869-30-08,,"База, дом отдыха",нет,,,,,,none,1
361,Solar House,Дагестан,"Республика Дагестан, 82К-056, 4",+7 (989) 450-11-99,https://solar-hause.clients.site/,"База, дом отдыха",нет,,,,,,live,1
369,Sultan resort,Дагестан,Республика Дагестан,+7 (928) 522-76-66,https://makhachkala.dimpoisk.ru/catalog/item622012.html,"База, дом отдыха",нет,,,,,,live,1
399,Twin House Villa,Дагестан,Республика Дагестан,+7 (989) 668-66-11,,"База, дом отдыха",нет,,,,,,none,1
409,Villa De Luna,Дагестан,Республика Дагестан,"+7 (938) 793-51-51, +7 (928) 561-41-41",,Глэмпинг,нет,,,,,,none,1
413,Villa More,Дагестан,"Республика Дагестан, сельское поселение Новолакское",+7 (988) 796-88-68,,Гостиница,нет,,,,,,none,1
547,Бабаюрт,Дагестан,"Республика Дагестан, село Бабаюрт",+7 (938) 788-68-12,,Гостиница,нет,,,,,,none,1
576,База отдыха Цемар,Дагестан,"Республика Дагестан, Государственный природный заказник Кособско-Келебский",+7 (980) 888-88-64,https://tlyarata-house.ru/,"База, дом отдыха",нет,,,,,,live,1
589,Барон,Дагестан,"Республика Дагестан, село Ботлих, Связная улица",+7 (988) 210-00-11,,Гостиница,нет,,,,,,none,1
600,Берег,Дагестан,Республика Дагестан,+7 (928) 878-99-56,,"База, дом отдыха",нет,,,,,,none,1
693,"Гергебиль село, Нахибашева улица, 1",Дагестан,"Республика Дагестан, село Гергебиль, улица Нахибашева, 1",,,Гостиница,нет,,,,,,none,1
708,Горец,Дагестан,"Республика Дагестан, село Гергебиль, улица Байсунгура Беноевского, 23",+7 (988) 290-53-37,,Гостиница,нет,,,,,,none,1
847,Гостевой дом Гергебиль,Дагестан,"Республика Дагестан, село Гергебиль, Речная улица, 7",+7 (963) 425-42-75,,Гостевой дом,нет,,,,,,none,1
850,Гостевой дом Горные просторы,Дагестан,"Республика Дагестан, 82К-010",+7 (963) 403-19-90,,"Гостевой дом, Гостиница",нет,,,,,,none,1
871,Гостевой дом Могох,Дагестан,"Республика Дагестан, 82К-008",+7 (967) 391-45-84,,"Гостевой дом, Гостиница",нет,,,,,,none,1
891,Гостевой дом Релакс,Дагестан,"Республика Дагестан, село Гергебиль",+7 (928) 671-71-28,,"Гостевой дом, Гостиница",нет,,,,,,none,1
898,Гостевой дом Тлярата,Дагестан,"Республика Дагестан, село Тлярата",+7 (928) 840-42-46,,"База, дом отдыха",нет,,,,,,none,1
969,Гостиница,Дагестан,"Республика Дагестан, Дубкинское шоссе",+7 (988) 295-45-75,,Турбаза,нет,,,,,,none,1
1015,Гостиница 21 Век,Дагестан,"Республика Дагестан, село Ботлих, улица Имама Шамиля",+7 (989) 444-40-21,,Гостиница,нет,С052024022314,Гостиница «21 век»,Прекращен,050603181327,304050604300032,none,1
1018,Гостиница Бавтугай,Дагестан,"Республика Дагестан, посёлок городского типа Бавтугай, улица Дахадаева, 28",+7 (928) 866-63-67,,Гостиница,нет,,,,,,none,2
1026,Гостиница на Ленина 81,Дагестан,"Морское, улица Ленина, 81",,,Гостиница,нет,,,,,,none,1
1033,Гостиница сергокала,Дагестан,"Республика Дагестан, село Сергокала",+7 (964) 010-34-79,,Гостиница,нет,,,,,,none,1
1051,Гран,Дагестан,"Республика Дагестан, село Гергебиль, улица Нахибашева, 30",+7 (903) 428-26-90,,Гостиница,нет,,,,,,none,1
1073,Дача Сталина,Дагестан,Республика Дагестан,+7 (963) 405-81-33,,Гостевой дом,нет,,,,,,none,1
1186,Дом у речки,Дагестан,"Республика Дагестан, сельское поселение Гергебиль",+7 (988) 696-66-67,,"База, дом отдыха",нет,,,,,,none,1
1188,Дом у Юнуса,Дагестан,Республика Дагестан,+7 (963) 429-38-38,,"База, дом отдыха",нет,,,,,,none,1
1212,Домик лесника,Дагестан,"Республика Дагестан, парк Сосновый бор",+7 (928) 670-96-39,,Гостевой дом,нет,,,,,,none,1
1213,Домик на природе,Дагестан,"Республика Дагестан, сельсовет Ботлихский, село Ботлих, улица Хандаса",+7 (988) 212-90-93,,Гостевой дом,нет,,,,,,none,1
1238,Домик у Шейха,Дагестан,Республика Дагестан,+7 (909) 657-05-05,,"База, дом отдыха",нет,,,,,,none,1
1249,Домики у моря,Дагестан,Республика Дагестан,+7 (928) 595-24-05,https://makhachkala.dimpoisk.ru/catalog/item584037.html,"Турбаза, Гостиница",нет,,,,,,live,1
1250,Домики у Моря 998,Дагестан,"Республика Дагестан, улица Золотых Песков, 1",+7 (909) 483-45-46,,"База, дом отдыха",нет,,,,,,none,1
1261,Дубовая роща,Дагестан,"Республика Дагестан, Хребет Хадум-баш",+7 (928) 509-40-12,,Кемпинг,нет,,,,,,none,1
1277,Жемчужина Гор,Дагестан,"Республика Дагестан, Гимринский хребет",+7 (964) 003-55-00,,Турбаза,нет,,,,,,none,1
1280,Жемчужина каспия,Дагестан,Республика Дагестан,+7 (938) 788-80-97,,"База, дом отдыха",нет,,,,,,none,1
1309,Зуберха,Дагестан,"Республика Дагестан, сельское поселение Гергебиль",+7 (989) 650-90-50,,Гостиница,нет,,,,,,none,1
1315,Имка,Дагестан,"Республика Дагестан, село Гергебиль","+7 (965) 490-66-91, +7 (989) 872-46-25",,Гостиница,нет,,,,,,none,1
1446,Крепость,Дагестан,"Республика Дагестан, Сулакский каньон",+7 (928) 594-75-74,https://krepost-1719648272.clients.site/,Гостиница,нет,,,,,,live,1
1588,Наследник,Дагестан,"Республика Дагестан, Национальный парк Самурский",+7 (999) 241-98-00,,Турбаза,нет,,,,,,none,1
1602,Оазис гор,Дагестан,"Республика Дагестан, 82К-008, 46","+7 (960) 419-00-40, +7 (928) 046-15-76, +7 (928) 506-36-47",,Гостиница,нет,,,,,,none,1
1605,Озден,Дагестан,Республика Дагестан,+7 (963) 429-02-09,,"База, дом отдыха",нет,,,,,,none,1
1638,Отель Гостиничный комплекс 888,Дагестан,"Республика Дагестан, село Новолакское, Хурхинская улица, 7",+7 (989) 459-70-57,,Гостиница,нет,,,,,,none,1
1767,Санта-Барбара,Дагестан,"Республика Дагестан, 82К-025, 2","+7 (967) 400-39-99, +7 (964) 001-99-93, +7 (980) 888-99-93",,"База, дом отдыха",нет,,,,,,none,1
1784,Семейная дача,Дагестан,Республика Дагестан,+7 (967) 398-88-55,,"База, дом отдыха",нет,,,,,,none,1
1785,Семейное,Дагестан,"Республика Дагестан, Государственный природный заказник Дешлагарский","+7 (922) 401-66-80, +7 (988) 641-32-98",,Турбаза,нет,,,,,,none,1
1787,Семейные домики,Дагестан,Республика Дагестан,+7 (964) 004-04-24,,"База, дом отдыха",нет,,,,,,none,1
1855,Тихая гавань,Дагестан,"Республика Дагестан, сельсовет Унцукульский","+7 (989) 665-80-94, +7 (988) 272-65-55, +7 (928) 526-63-26",,Кемпинг,нет,,,,,,none,1
1880,Тухум,Дагестан,"Республика Дагестан, сельсовет Ботлихский, село Ботлих, Трудовая улица, 4",+7 (913) 007-19-58,http://tuhum.ru/,Гостиница,нет,,,,,,live,1
1903,У Магомеда,Дагестан,"Республика Дагестан, сельсовет Ботлихский, село Ботлих",+7 (988) 453-21-43,http://u-magomeda.clients.site/,Гостиница,нет,,,,,,live,2
292,Plaza,Дагестанские Огни,"Республика Дагестан, Дагестанские Огни, улица Пушкина, 20",,,Гостиница,нет,,,,,,none,1
293,Plaza,Дагестанские Огни,"Республика Дагестан, Дагестанские Огни, улица Пушкина, 24",+7 (964) 020-06-35,,Гостиница,нет,,,,,,none,1
585,Балтика,Дагестанские Огни,"Республика Дагестан, Дагестанские Огни, проспект Михаила Ивановича Калинина, 8",+7 (928) 558-77-02,,Гостиница,нет,,,,,,none,1
1783,Семейная баня,Дагестанские Огни,"Республика Дагестан, Дагестанские Огни, улица Шахмарданова, 9",+7 (928) 976-88-28,,Гостевой дом,нет,,,,,,none,1
691,ГБУ РД ТЦ Уркарах,Дахадаевский район,"Республика Дагестан, Дахадаевский район, село Уркарах",+7 (928) 500-80-04,,Турбаза,нет,,,,,,none,1
789,Гостевой дом,Дахадаевский район,"Республика Дагестан, Дахадаевский район, село Кубачи",+7 (903) 499-18-93,,"База, дом отдыха",нет,,,,,,none,1
859,Гостевой дом Кадиалиева Гаджи,Дахадаевский район,"Республика Дагестан, Дахадаевский район, село Кубачи, 3",+7 (963) 370-60-37,,"Гостевой дом, Гостиница",нет,,,,,,none,1
1301,Золотая гавань,Дахадаевский район,"Республика Дагестан, Дахадаевский район, село Уркарах",,,Гостиница,нет,,,,,,none,1
1441,Красный дом,Дахадаевский район,"Республика Дагестан, Дахадаевский район, село Кубачи, улица Абакарова Абакара Ибрагимовича, 1",+7 (906) 449-42-54,https://krasnyj-dom-1683496817.clients.site/,Гостиница,нет,,,,,,live,1
1646,Очаг,Дахадаевский район,"Республика Дагестан, Дахадаевский район, село Кубачи, Молодёжная улица, 62","+7 (960) 408-42-95, +7 (909) 479-68-05",,Гостевой дом,нет,,,,,,none,1
1893,У Дедушки,Дахадаевский район,"Республика Дагестан, Дахадаевский район, село Харбук",+7 (967) 393-84-44,,Гостевой дом,нет,,,,,,none,1
1981,Хасбулат тур,Дахадаевский район,"Республика Дагестан, Дахадаевский район",+7 (926) 955-88-27,,Турбаза,нет,,,,,,none,1
2009,Центр-отель,Дахадаевский район,"Республика Дагестан, Дахадаевский район, село Кубачи",+7 (988) 205-20-69,https://youtu.be/lxAzk8tI63w,Гостевой дом,нет,,,,,,live,1
21,Akhmedov House,Дербент,"Республика Дагестан, Дербент, Средний переулок, 20",+7 (928) 254-76-42,,"База, дом отдыха",нет,,,,,,none,1
31,Apelsin Hotel,Дербент,"Республика Дагестан, Дербент, Крепостная улица, 1",,,Гостиница,нет,,,,,,none,1
57,Best House,Дербент,"Республика Дагестан, Дербент, Прибрежная улица, 32",+7 (961) 322-47-25,,Гостевой дом,нет,,,,,,none,1
62,Blissfulhome,Дербент,"Республика Дагестан, Дербент, улица Пушкина, 41",+7 (915) 400-70-60,https://homereserve.ru/RkzB7M5gcl,Гостевой дом,нет,,,,,,live,1
87,Comfort zone,Дербент,"Республика Дагестан, Дербент, Летняя улица, 9",+7 (988) 790-16-09,,"База, дом отдыха",нет,,,,,,none,1
90,Cottage. derbent,Дербент,"Республика Дагестан, Дербент, улица Батманова",+7 (928) 879-59-99,,"База, дом отдыха",нет,,,,,,none,1
103,Demir kap?,Дербент,"Республика Дагестан, Дербент, улица Ахмедова, 24",,,Гостиница,нет,,,,,,none,1
105,Derbent house,Дербент,"Республика Дагестан, Дербент",+7 (925) 262-11-15,,Гостевой дом,нет,,,,,,none,1
113,DomDerbent,Дербент,"Республика Дагестан, Дербент, улица Таги-Заде, 65",,,Гостиница,нет,,,,,,none,1
117,DreamHouse,Дербент,"Республика Дагестан, Дербент, Овражная улица, 9",+7 (961) 835-15-45,,Гостевой дом,нет,,,,,,none,1
118,Dua Al Jannah,Дербент,"Республика Дагестан, Дербент, проспект Агасиева, 13Г",+7 (925) 784-57-37,,Гостиница,нет,,,,,,none,2
121,Epel,Дербент,"Республика Дагестан, Дербент, улица Юзбекова, 1",,,Гостиница,нет,,,,,,none,1
129,Family,Дербент,"Республика Дагестан, Дербент, улица Буйнакского, 22",+7 (928) 538-00-07,,Гостиница,нет,,,,,,none,1
151,Gold Lion,Дербент,"Республика Дагестан, Дербент, улица Буйнакского, 41",+7 (988) 790-77-35,https://gold-lion.clients.site/,Гостиница,нет,,,,,,live,1
154,Gold Villa,Дербент,"Республика Дагестан, Дербент, улица Шеболдаева, 48Г",+7 (965) 494-53-04,https://gold-villa.ru/,Гостиница,нет,,,,,,live,1
170,Guest house,Дербент,"Республика Дагестан, Дербент, Овражная улица, 7",+7 (965) 488-68-11,,Гостевой дом,нет,,,,,,none,1
171,Guest House on Sadovaya 6,Дербент,"Республика Дагестан, Дербент, Садовая улица, 6",+7 (928) 055-37-07,,Гостевой дом,нет,,,,,,none,1
193,Hostel 8,Дербент,"Республика Дагестан, Дербент, улица 8-й Магал, 2/1",+7 (928) 879-11-14,,Хостел,нет,,,,,,none,1
198,Hotel by the Sea Dagestan,Дербент,"Республика Дагестан, Дербент, улица Х. Тагиева, 5а","+7 (928) 975-80-68, +7 (985) 055-48-20",,Гостиница,нет,,,,,,none,2
199,Hotel Central,Дербент,"Республика Дагестан, Дербент, улица Пушкина, 44Г",+7 (925) 516-00-04,,Гостиница,нет,,,,,,none,1
206,Hotel-Villa Oazis,Дербент,"Республика Дагестан, Дербент, Крепостная улица, 1",,,Гостиница,нет,,,,,,none,1
207,House,Дербент,"Республика Дагестан, Дербент, Маячная улица",+7 (977) 412-22-39,,"Гостевой дом, Гостиница",нет,,,,,,none,1
210,Ideal,Дербент,"Республика Дагестан, Дербент, улица имени Надыра Эмиргамзаева, 4",+7 (928) 586-09-00,https://ideal-ulitsa-nemirgamzaeva.clients.site/,Гостиница,нет,,,,,,live,1
211,Imperial,Дербент,"Республика Дагестан, Дербент, СТ Каспий, Каштановая улица, 11",+7 (987) 555-00-01,,Гостевой дом,нет,,,,,,none,1
233,Let's go to Dagestan on Agasiev Avenue 13b,Дербент,"Республика Дагестан, Дербент, проспект Агасиева, 13Б",,,Гостиница,нет,,,,,,none,1
234,Let's go to Dagestan on Pushkin Street,Дербент,"Республика Дагестан, Дербент, улица Пушкина, 46",,,Гостиница,нет,,,,,,none,1
242,Main Street Hotel,Дербент,"Республика Дагестан, Дербент, улица Таги-Заде, 78",+7 (938) 783-88-11,https://main-street-hotel.clients.site/,Гостиница,нет,,,,,,live,1
260,Motherland,Дербент,"Республика Дагестан, Дербент, улица Рыбзавод-54, 54","+7 (969) 305-03-33, +7 (988) 453-84-62",,Гостиница,нет,,,,,,none,1
266,Nailya Hostel,Дербент,"Республика Дагестан, Дербент, Поселковая улица, 2",+7 (996) 586-17-23,,"База, дом отдыха",нет,,,,,,none,1
271,Niyara,Дербент,"Республика Дагестан, Дербент, территория Коса, 30",+7 (928) 508-77-75,https://niyara.clients.site/,Гостиница,нет,,,,,,live,1
296,Prime,Дербент,"Республика Дагестан, Дербент, улица Саида Габиева, 26Е",+7 (928) 877-29-92,https://gostinitsa-1684858161.clients.site/,Гостиница,нет,,,,,,live,1
306,RayskiBereg05,Дербент,"Республика Дагестан, Дербент",+7 (928) 553-04-44,,Гостиница,нет,,,,,,none,1
311,Reef,Дербент,"Республика Дагестан, Дербент, микрорайон Карьер",+7 (928) 589-53-53,,Гостиница,нет,,,,,,none,1
317,Rig,Дербент,"Республика Дагестан, Дербент, улица Ленина, 34",,,"Гостевой дом, Гостиница",нет,,,,,,none,1
318,Riva,Дербент,"Республика Дагестан, Дербент, улица Батманова, 18",,,Гостиница,нет,,,,,,none,1
322,Royal Home,Дербент,"Республика Дагестан, Дербент, улица Эдисона Пашабекова",+7 (900) 054-55-55,https://royal-home.clients.site/,Гостиница,нет,,,,,,live,1
336,Sea Amore,Дербент,"Республика Дагестан, Дербент, улица Шеболдаева, 29",+7 (928) 526-73-33,,Гостевой дом,нет,,,,,,none,1
354,Silent House,Дербент,"Республика Дагестан, Дербент, СТ Речка, Сельская улица, 4Б","+7 (928) 876-44-46, +7 (928) 975-44-48",,Гостиница,нет,,,,,,none,1
366,Soul,Дербент,"Республика Дагестан, Дербент, улица Х. Тагиева, 35",+7 (988) 636-19-73,,"Гостевой дом, Гостиница",нет,,,,,,none,1
367,Srm cottage,Дербент,"Республика Дагестан, Дербент, улица Батманова, 22",+7 (928) 058-47-58,,Гостевой дом,нет,,,,,,none,1
389,Tea House,Дербент,"Республика Дагестан, Дербент, 2-я Продольная улица, 3",+7 (925) 528-33-33,,Гостиница,нет,,,,,,none,1
400,Two Houses,Дербент,"Республика Дагестан, Дербент, Маячная улица, 3",+7 (977) 805-34-63,,"Гостевой дом, Гостиница",нет,,,,,,none,1
419,Vizit,Дербент,"Республика Дагестан, Дербент, улица Канделаки, 11",,,Гостиница,нет,,,,,,none,1
439,Аваин,Дербент,"Республика Дагестан, Дербент, улица З. Тагиева, 63Б",+7 (922) 446-17-71,,Гостевой дом,нет,,,,,,none,1
471,Алина,Дербент,"Республика Дагестан, Дербент, улица 345-й Дагестанской Стрелковой Дивизии, 17/1",,,Гостиница,нет,,,,,,none,1
475,Аманат,Дербент,"Республика Дагестан, Дербент, улица Мазахира Рзаева, 35","+7 (967) 931-00-06, +7 (928) 538-40-08",https://amanat-ulitsa-rzaeva.clients.site/,Хостел,нет,,,,,,live,1
480,Анкара,Дербент,"Республика Дагестан, Дербент, улица Сулеймана Стальского, 19","+7 (963) 373-96-66, +7 (989) 466-78-88",https://bookonline24.ru/ankara,Гостевой дом,нет,,,,,,live,1
487,Апарт-отель Visota Derbent,Дербент,"Республика Дагестан, Дербент, улица Пушкина, 43",+7 (985) 677-99-00,,Гостиница,нет,,,,,,none,1
489,Апарт-отель на переулке Карла Маркса 98,Дербент,"Республика Дагестан, Дербент, переулок Карла Маркса, 98, корп. 2",,,Гостиница,нет,,,,,,none,1
513,Апартаменты Поедем в Дагестан,Дербент,"Республика Дагестан, Дербент, улица 345-й Дагестанской Стрелковой Дивизии, 10Б",,,Гостиница,нет,,,,,,none,1
532,Ассорти,Дербент,"Республика Дагестан, Дербент, улица Сухая Речка, 1",,,Гостиница,нет,,,,,,none,1
540,Атмосфера,Дербент,"Республика Дагестан, Дербент, улица имени Надыра Эмиргамзаева, 19","+7 (963) 873-33-33, +7 (928) 581-27-72",https://atmosfera-ulitsa-nemirgamzaeva.clients.site/,Гостиница,нет,,,,,,live,1
550,База Куличный,Дербент,"Республика Дагестан, Дербент, СТ Каспий, Парковая улица, 15",+7 (960) 421-80-06,,Гостевой дом,нет,,,,,,none,1
558,База отдыха Chill hotel,Дербент,"Республика Дагестан, Дербент, Р-217 Кавказ, 935-й километр",+7 (963) 794-53-87,,Гостиница,нет,,,,,,none,1
572,База отдыха Тихая гавань на косе,Дербент,"Республика Дагестан, Дербент, территория Коса, 31",+7 (963) 400-07-92,,"База, дом отдыха, Гостиница",нет,,,,,,none,2
577,База у Сани,Дербент,"Республика Дагестан, Дербент, СТ Каспий, 17",+7 (999) 126-55-55,,"База, дом отдыха",нет,,,,,,none,1
583,Базилико,Дербент,"Республика Дагестан, Дербент, улица Пушкина, 18А",,,Гостиница,нет,,,,,,none,1
587,Банан,Дербент,"Республика Дагестан, Дербент, улица Тахо-Годи, 4",+7 (928) 238-88-23,,Гостиница,нет,,,,,,none,1
612,Бульвар,Дербент,"Республика Дагестан, Дербент, улица Х. Тагиева, 7",+7 (928) 985-98-24,https://bulvar-ulitsa-handadasha-tagieva.clients.site/,Гостиница,нет,,,,,,live,2
629,Вековые стены,Дербент,"Республика Дагестан, Дербент, улица Владимира Ленина, 85",+7 (911) 168-42-69,,Гостиница,нет,,,,,,none,1
641,Вершины,Дербент,"Республика Дагестан, Дербент, Прикаспийская улица, 72","+7 (922) 675-31-32, +7 (928) 056-43-90",https://otel-vershiny.clients.site/,Гостевой дом,нет,,,,,,live,2
644,Визит,Дербент,"Республика Дагестан, Дербент, Красноармейский переулок, 56",+7 (928) 803-03-33,,Гостиница,нет,,,,,,none,3
655,Вилла Дача на берегу моря,Дербент,"Республика Дагестан, Дербент, улица Сухая Речка, 18А",,,Гостиница,нет,,,,,,none,1
663,Водник,Дербент,"Республика Дагестан, Дербент, улица Шеболдаева, 110",+7 (928) 570-30-09,,Гостевой дом,нет,,,,,,none,1
669,Волнофф,Дербент,"Республика Дагестан, Дербент, СТ Волна",+7 (909) 482-40-68,,Гостевой дом,нет,,,,,,none,1
676,Высота,Дербент,"Республика Дагестан, Дербент, улица Пушкина, 45",,,Гостиница,нет,,,,,,none,1
678,Высота,Дербент,"Республика Дагестан, Дербент, переулок Семёна Ильдатова, 2",+7 (938) 348-00-05,https://vysota-derbent.ru/,Гостиница,нет,,,,,,live,1
721,Гостевая комната,Дербент,"Республика Дагестан, Дербент, Тоннельная улица, 1Д",+7 (964) 007-07-50,,Хостел,нет,,,,,,none,1
733,Гостевой дом,Дербент,"Республика Дагестан, Дербент, улица Шеболдаева, 29/2",+7 (928) 529-09-25,,"База, дом отдыха",нет,,,,,,none,1
748,Гостевой Дом,Дербент,"Республика Дагестан, Дербент, улица Курбанова, 11",+7 (963) 404-75-57,,Гостевой дом,нет,,,,,,none,1
750,Гостевой дом,Дербент,"Республика Дагестан, Дербент, СТ Каспий, Хвойная улица, 24","+7 (909) 482-10-91, +7 (988) 692-90-05",,Гостевой дом,нет,,,,,,none,1
752,Гостевой дом,Дербент,"Республика Дагестан, Дербент, улица Тахо-Годи, 23",+7 (928) 566-94-94,,Гостевой дом,нет,,,,,,none,1
756,Гостевой дом,Дербент,"Республика Дагестан, Дербент, СТ Заря, 5",+7 (999) 419-61-13,,Гостевой дом,нет,,,,,,none,1
761,Гостевой дом,Дербент,"Республика Дагестан, Дербент, СТ Стимул, Берёзовая улица, 6",+7 (928) 294-99-99,,Гостевой дом,нет,,,,,,none,1
770,Гостевой дом,Дербент,"Республика Дагестан, Дербент, улица Салаватова, 19",+7 (928) 540-55-66,,Гостевой дом,нет,,,,,,none,1
786,Гостевой дом,Дербент,"Республика Дагестан, Дербент, Прибрежная улица, 2",+7 (906) 481-95-54,,Гостевой дом,нет,,,,,,none,1
792,Гостевой дом,Дербент,"Республика Дагестан, Дербент, улица 1-й Магал, 123",+7 (968) 000-15-55,,Гостевой дом,нет,,,,,,none,1
795,Гостевой Дом,Дербент,"Республика Дагестан, Дербент, улица З. Тагиева, 80",+7 (903) 469-43-85,https://gostevoj-dom-ulitsa-z-tagieva.clients.site/,Гостевой дом,нет,,,,,,live,1
796,Гостевой Дом,Дербент,"Республика Дагестан, Дербент, Сосновая улица, 35",+7 (988) 274-15-53,,Гостевой дом,нет,,,,,,none,1
797,Гостевой дом,Дербент,"Республика Дагестан, Дербент, улица Комарова",+7 (928) 533-01-09,https://gostevoj-dom-ulitsa-xtagieva.clients.site/,Гостевой дом,нет,,,,,,live,1
829,Гостевой дом Villa_ogni,Дербент,"Республика Дагестан, Дербент, улица Рыбзавод-54, 54",,,Гостиница,нет,,,,,,none,1
836,Гостевой дом Багама,Дербент,"Республика Дагестан, Дербент, улица Х. Тагиева","+7 (928) 250-69-02, +7 (928) 058-00-15",,Гостевой дом,нет,,,,,,none,1
840,Гостевой дом в Сердце Старого Города,Дербент,"Республика Дагестан, Дербент, улица 7-й Магал, 2",+7 (928) 055-15-22,,Гостевой дом,нет,,,,,,none,1
841,Гостевой дом в центре города,Дербент,"Республика Дагестан, Дербент, улица Сулеймана Стальского, 23",+7 (988) 797-82-98,https://gostevoj-dom-v-tsentre-goroda.clients.site/,"Гостевой дом, Жильё посуточно",нет,,,,,,live,2
851,Гостевой Дом Гостеприимный,Дербент,"Республика Дагестан, Дербент, Южная улица, 15",,,"Гостевой дом, Гостиница",нет,,,,,,none,1
868,Гостевой дом Маракеш,Дербент,"Республика Дагестан, Дербент, улица У. Буйнакского, 16",+7 (925) 561-11-11,,Гостевой дом,нет,,,,,,none,1
876,Гостевой Дом на 6 Гостей,Дербент,"Республика Дагестан, Дербент, улица Юрия Гагарина, 85Б",+7 (964) 000-50-02,,Гостевой дом,нет,,,,,,none,6
877,Гостевой Дом на Рамазанова,Дербент,"Республика Дагестан, Дербент, улица Рамазанова, 30",+7 (928) 533-03-22,,Гостевой дом,нет,,,,,,none,1
878,Гостевой дом на Сиреневой,Дербент,"Республика Дагестан, Дербент, Сиреневая улица, 1",+7 (961) 888-55-87,https://gostevoy-dom-na-sirenevoy.ru/,Гостевой дом,нет,,,,,,error,1
880,Гостевой дом на Таги-Заде,Дербент,"Республика Дагестан, Дербент, улица Таги-Заде, 41Б",+7 (938) 786-89-64,https://tagizade41.ru/,Гостевой дом,нет,,,,,,live,1
886,Гостевой дом Орта-Капы,Дербент,"Республика Дагестан, Дербент, улица 7-й Магал, 4",+7 (903) 424-40-32,,Гостевой дом,нет,,,,,,none,1
887,Гостевой дом Орфей,Дербент,"Республика Дагестан, Дербент, улица А. Эрлиха, 2",,,"Гостевой дом, Гостиница",нет,,,,,,none,1
907,Гостевой дом у моря,Дербент,"Дербент, улица Мусы Манарова, 1",,,Гостевой дом,нет,,,,,,none,1
909,Гостевой дом у моря на Габиева,Дербент,"Республика Дагестан, Дербент, улица Саида Габиева, 4",,,Гостиница,нет,,,,,,none,1
916,Гостевой Дом у Сабишки,Дербент,"Республика Дагестан, Дербент, территория Коса",+7 (960) 408-13-05,,Гостевой дом,нет,,,,,,none,1
917,Гостевой дом у Таисии,Дербент,"Республика Дагестан, Дербент, СТ Заря, Саманная улица, 16",+7 (928) 599-36-45,,Гостевой дом,нет,,,,,,none,1
933,Гостевой Домик,Дербент,"Республика Дагестан, Дербент, Автовокзальная улица, 16","+7 (929) 868-00-12, +7 (965) 366-66-25",,Хостел,нет,,,,,,none,1
934,Гостевой домик,Дербент,"Республика Дагестан, Дербент, улица 4-й Магал, 1А",+7 (928) 238-92-55,,Гостевой дом,нет,,,,,,none,1
937,Гостевые домики,Дербент,"Дербент, улица Шеболдаева, 41",,,"Гостевой дом, Гостиница",нет,,,,,,none,1
938,Гостевые комнаты,Дербент,"Республика Дагестан, Дербент, улица М. Далгата, 7",,,Гостевой дом,нет,,,,,,none,1
952,Гостиница,Дербент,"Республика Дагестан, Дербент, улица М. Далгата, 30",+7 (928) 977-82-80,,Гостиница,нет,,,,,,none,1
962,Гостиница,Дербент,"Республика Дагестан, Дербент, Р-217 Кавказ, 939-й километр",+7 (928) 515-21-46,,"Гостиница, Магазин продуктов, АЗС",нет,,,,,,none,1
991,Гостиница,Дербент,"Республика Дагестан, Дербент, улица Юрия Гагарина",+7 (928) 561-81-80,,Гостиница,нет,,,,,,none,1
1005,Гостиница,Дербент,"Республика Дагестан, Дербент, Локомотивная улица, 20А",+7 (928) 253-90-62,,Гостиница,нет,,,,,,none,1
1006,Гостиница,Дербент,"Республика Дагестан, Дербент, 5-й Нагорный переулок, 5",+7 (928) 145-55-52,,Гостиница,нет,,,,,,none,1
1008,Гостиница,Дербент,"Республика Дагестан, Дербент, проспект Агасиева, 12",+7 (928) 288-64-63,,Гостиница,нет,,,,,,none,2
1019,Гостиница Гдым,Дербент,"Республика Дагестан, Дербент, Аэропортовская улица, 41",+7 (928) 288-10-71,,Гостиница,нет,,,,,,none,1
1032,Гостиница Санкт-Петербург,Дербент,"Республика Дагестан, Дербент, улица Хандадаша Тагиева, 35",+7 (989) 664-25-32,,Гостиница,нет,,,,,,none,1
1044,Гостиный двор,Дербент,"Республика Дагестан, Дербент, улица Х. Тагиева, 42",+7 (928) 059-05-13,https://gostinydvorhotel.ru/,Гостиница,нет,С052024012018,Гостиница «Гостиный Двор» ИП Шахсенова О.Г.,Прекращен,054206421121,321057100046379,live,1
1048,Гостите,Дербент,"Республика Дагестан, Дербент, СТ Берёзка, Тупиковая улица, 6","+7 (989) 485-80-08, +7 (999) 311-11-87",https://gostite.clients.site/,Гостиница,нет,,,,,,live,1
1070,Дача,Дербент,"Республика Дагестан, Дербент, улица Шеболдаева, 106",+7 (928) 878-45-55,,Гостевой дом,нет,,,,,,none,1
1074,Дача у берега моря,Дербент,"Республика Дагестан, Дербент, улица Батманова, 17",+7 (903) 423-66-84,,"База, дом отдыха",нет,,,,,,none,1
1077,Дача у эльгама,Дербент,"Республика Дагестан, Дербент, СТ Волна, тер4А",+7 (928) 563-98-68,,Гостиница,нет,,,,,,none,1
1079,Дачный дом,Дербент,"Республика Дагестан, Дербент, микрорайон Рублёвка",+7 (928) 579-27-29,,"База, дом отдыха",нет,,,,,,none,1
1092,Дербент. Айва,Дербент,"Республика Дагестан, Дербент, улица Таги-Заде, 83","+7 (928) 224-24-49, +7 (929) 261-88-24",,Гостиница,нет,,,,,,none,2
1099,Джентельмен,Дербент,"Республика Дагестан, Дербент, Прикаспийская улица, 72Б",+7 (993) 234-55-55,https://gentlemen-derbent.ru/,Гостевой дом,нет,,,,,,live,1
1103,Добрый домик Роуз,Дербент,"Республика Дагестан, Дербент, улица В. Ленина, 98",+7 (965) 784-45-55,https://dobryj-domik-rouz.clients.site/,"База, дом отдыха",нет,,,,,,live,1
1104,Долалай,Дербент,"Республика Дагестан, Дербент, улица 6-й Магал, 4",+7 (928) 560-64-11,,Гостевой дом,нет,,,,,,none,1
1110,Дом в 5 мин от море Дербент,Дербент,"Республика Дагестан, Дербент, Пилотная улица, 3",+7 (938) 200-90-01,,"База, дом отдыха",нет,,,,,,none,1
1118,Дом Мири Этно Дом,Дербент,"Республика Дагестан, Дербент, улица 5-й Магал, 11",+7 (967) 574-43-13,,Гостевой дом,нет,,,,,,none,1
1121,Дом на исторической улице,Дербент,"Республика Дагестан, Дербент, улица Керима Мамедбекова, 22",+7 (906) 480-48-16,,"База, дом отдыха",нет,,,,,,none,1
1125,Дом на набережной,Дербент,"Республика Дагестан, Дербент, микрорайон Рублёвка",+7 (929) 879-79-77,,Гостевой дом,нет,,,,,,none,1
1158,Дом у моря,Дербент,"Республика Дагестан, Дербент, СТ Заря, Тополевая улица, 11",+7 (964) 009-22-68,,Гостевой дом,нет,,,,,,none,1
1162,Дом у моря,Дербент,"Республика Дагестан, Дербент, улица Красная Заря, 101",+7 (965) 758-60-00,,"База, дом отдыха",нет,,,,,,none,1
1204,Домашний,Дербент,"Республика Дагестан, Дербент, улица Берёзка, 10",+7 (989) 659-71-70,https://apart-derbent.ru/,Гостевой дом,нет,,,,,,live,1
1229,Домик у моря,Дербент,"Республика Дагестан, Дербент, улица Шеболдаева, 45/4","+7 (928) 539-48-89, +7 (968) 660-07-00, +7 (928) 833-11-13",https://domik-u-morja-ulitsa-sheboldaeva.clients.site/,"База, дом отдыха",нет,,,,,,live,1
1267,Душа Кавказа,Дербент,"Республика Дагестан, Дербент, улица Орджоникидзе, 8",+7 (903) 327-74-85,,Гостиница,нет,,,,,,none,1
1269,Елабуга,Дербент,"Республика Дагестан, Дербент, территория Коса",+7 (917) 263-65-66,,"Гостиница, Гостевой дом",нет,,,,,,none,1
1296,Заря,Дербент,"Республика Дагестан, Дербент, улица Шеболдаева, 45/2",+7 (963) 796-71-30,http://otelzarya05.ru/,Гостиница,нет,,,,,,live,1
1297,Заря,Дербент,"Республика Дагестан, Дербент, СТ Заря, Совхозная улица, 13А",+7 (989) 462-00-00,,"База, дом отдыха",нет,,,,,,none,1
1314,Изумруд,Дербент,"Республика Дагестан, Дербент, улица Керима Мамедбекова, 14",+7 (963) 797-99-36,,"Гостевой дом, Гостиница",нет,,,,,,none,1
1322,Кади-Хан,Дербент,"Республика Дагестан, Дербент, улица Х. Тагиева, 40",+7 (988) 421-08-65,,Гостевой дом,нет,,,,,,none,1
1361,Калифорния,Дербент,"Республика Дагестан, Дербент, улица Генриха Гасанова",,,Гостиница,нет,,,,,,none,1
1368,Караван Сарай,Дербент,"Республика Дагестан, Дербент, улица Гейдара Алиева, 8В","+7 (928) 059-91-26, +7 (928) 552-39-13",https://fort-ulitsa-gejdara-alieva.clients.site/,Гостиница,нет,,,,,,live,1
1383,Кварт Отель Дербент,Дербент,"Республика Дагестан, Дербент, улица Генерала Сеидова, 4К",+7 (928) 937-11-11,,Гостиница,нет,,,,,,none,1
1384,Квартал 126,Дербент,"Республика Дагестан, Дербент, улица 7-й Магал, 3",+7 (928) 571-53-63,,Гостевой дом,нет,,,,,,none,1
1413,Коммерц А,Дербент,"Республика Дагестан, Дербент, улица Шеболдаева, 57",,,Санаторий,нет,С052025000377,"Общество с ограниченной ответственностью ""Коммерц А""",Архивный,0542032884,1100542000349,none,1
1431,Коттедж у моря,Дербент,"Республика Дагестан, Дербент, Прикаспийская улица, 37",,,Гостиница,нет,,,,,,none,1
1432,Коттедж у моря,Дербент,"Республика Дагестан, Дербент, СТ Каспий, Каштановая улица, 26",+7 (928) 673-28-88,https://kottedzh-u-morja-kashtanovaja-ulitsa.clients.site/,Гостевой дом,нет,,,,,,dead,1
1436,Коттеджи на Рублевке,Дербент,"Республика Дагестан, Дербент, улица Х. Тагиева, 80",,,Гостевой дом,нет,,,,,,none,2
1459,Ла Дербент,Дербент,"Республика Дагестан, Дербент, улица Шеболдаева, 84",+7 (986) 945-89-88,,Гостевой дом,нет,,,,,,none,1
1460,Лабиринт,Дербент,"Республика Дагестан, Дербент, улица Таги-Заде, 43",+7 (988) 451-91-60,,Хостел,нет,,,,,,none,1
1462,Лагуна,Дербент,"Республика Дагестан, Дербент, Прибрежная улица, 61",+7 (985) 431-81-11,,Гостиница,нет,,,,,,none,1
1465,Лазурный Берег Коттеджные домики,Дербент,"Дагестан, Дербент, улица Батманова 54",,,Гостевой дом,нет,,,,,,none,1
1471,Легенда Лофт,Дербент,"Республика Дагестан, Дербент, улица Салаватова, 18",+7 (928) 979-07-73,http://legendaloft-hotelderbent.ru/,Гостевой дом,нет,,,,,,live,1
1493,Малика,Дербент,"Республика Дагестан, Дербент, улица Х. Ануширвана, 25",+7 (989) 488-90-21,https://malika-derbent.ru/,Гостевой дом,нет,,,,,,error,1
1501,Мария,Дербент,"Республика Дагестан, Дербент","+7 (928) 831-82-07, +7 (929) 772-88-88",,Гостиница,нет,,,,,,none,1
1503,Махараджа,Дербент,"Республика Дагестан, Дербент, улица Х. Тагиева, 35Г",+7 (989) 447-00-27,,"Гостиница, Хостел",нет,,,,,,none,1
1520,Мечта,Дербент,"Республика Дагестан, Дербент, улица Х. Тагиева, 23/2",+7 (928) 530-83-38,,Гостиница,нет,,,,,,none,1
1525,Мини-отель Гала,Дербент,"Республика Дагестан, Дербент, улица 345-й Дагестанской Стрелковой Дивизии, 9А",+7 (928) 550-40-71,,Гостиница,нет,,,,,,none,1
1527,Мир,Дербент,"Республика Дагестан, Дербент, улица Генерала Сеидова, 18Б",+7 (967) 880-66-97,,Гостевой дом,нет,,,,,,none,1
1540,Море Хауз,Дербент,"Республика Дагестан, Дербент, Локомотивная улица, 73А","+7 (928) 062-21-28, +7 (928) 937-98-88",,Гостевой дом,нет,,,,,,none,1
1550,Морская Звезда,Дербент,"Республика Дагестан, Дербент, СТ Заря, Отрадная улица, 13",+7 (966) 744-40-40,https://baza-surgi.clients.site/,"База, дом отдыха",нет,,,,,,live,1
1554,Морской бриз,Дербент,"Республика Дагестан, Дербент, Локомотивная улица, 14Е","+7 (909) 657-10-22, +7 (988) 089-56-33",,Гостиница,нет,,,,,,none,1
1560,Морской прибой,Дербент,"Республика Дагестан, Дербент, улица Шеболдаева, 84",+7 (928) 555-25-78,https://morskoj-priboj-1655115454.clients.site/,Гостиница,нет,,,,,,live,1
1563,Моряна,Дербент,"Республика Дагестан, Дербент, улица Шеболдаева, 57","+7 (920) 609-77-77, +7 (928) 286-10-10",,Гостиница,нет,,,,,,none,1
1585,НарынКала,Дербент,"Республика Дагестан, Дербент, улица Канделаки, 1","+7 (928) 838-18-14, +7 (928) 838-18-14",,Гостиница,нет,,,,,,none,1
1589,Натали,Дербент,"Республика Дагестан, Дербент, улица Х. Тагиева, 9",,,Гостиница,нет,,,,,,none,1
1606,Озеро,Дербент,"Республика Дагестан, Дербент, улица Х. Тагиева, 23/2",+7 (928) 598-57-57,http://ozero05.ru/,Глэмпинг,нет,,,,,,live,1
1632,Отель Real,Дербент,"Республика Дагестан, Дербент, Прибрежная улица, 39",,,Гостиница,нет,,,,,,none,1
1641,Отель Сириус,Дербент,"Республика Дагестан, Дербент, улица Красная Заря, 69",+7 (963) 791-77-99,,Гостиница,нет,,,,,,none,1
1674,Подушка,Дербент,"Республика Дагестан, Дербент, улица Генриха Гасанова, 5Б",+7 (967) 401-19-37,,Хостел,нет,,,,,,none,1
1704,Райхан,Дербент,"Республика Дагестан, Дербент, СТ Заря, улица Шахбанова, 11",+7 (928) 568-92-90,,Гостиница,нет,,,,,,none,1
1710,Рассвет,Дербент,"Республика Дагестан, Дербент, СТ Заря, Саманная улица, 16","+7 (905) 520-58-03, +7 (905) 564-60-66",https://rassvet-derbent.clients.site/,Гостевой дом,нет,,,,,,live,1
1724,Ретро,Дербент,"Республика Дагестан, Дербент, Прикаспийская улица, 72",+7 (920) 404-66-66,https://retro-hotel05.ru/,Гостевой дом,нет,,,,,,live,1
1725,Риал,Дербент,"Республика Дагестан, Дербент, улица Батманова, 75",+7 (928) 593-93-03,,Гостевой дом,нет,,,,,,none,1
1739,Русь,Дербент,"Республика Дагестан, Дербент, улица Таги-Заде, 104",+7 (967) 400-14-08,,Гостиница,нет,,,,,,none,1
1780,Север,Дербент,"Республика Дагестан, Дербент, Пионерская улица, 16",+7 (999) 242-10-95,,Гостевой дом,нет,,,,,,none,1
1790,Семейный дворик,Дербент,"Республика Дагестан, Дербент, Прибрежная улица, 35","+7 (928) 049-39-62, +7 (928) 566-66-99",https://semeyniy-dvorik.clients.site/,"База, дом отдыха",нет,,,,,,live,1
1793,Семейный Отдых,Дербент,"Республика Дагестан, Дербент, Сосновая улица, 35","+7 (921) 131-69-20, +7 (983) 999-93-13",https://semejnyj-otdyh-1684703482.clients.site/,Гостевой дом,нет,,,,,,dead,1
1822,Старый город,Дербент,"Республика Дагестан, Дербент, улица Дрожжина, 7И",+7 (909) 343-33-36,,Гостиница,нет,,,,,,none,1
1823,Старый город,Дербент,"Республика Дагестан, Дербент, улица Надежды Крупской, 1",+7 (928) 560-90-09,,Хостел,нет,,,,,,none,1
1842,Тавхан,Дербент,"Республика Дагестан, Дербент, Р-217 Кавказ, 933-й километр","+7 (928) 050-55-54, +7 (999) 533-53-44",,Гостиница,нет,,,,,,none,1
1844,Тарлан,Дербент,"Республика Дагестан, Дербент, Р-217 Кавказ, 939-й километр","+7 (928) 520-98-92, +7 (989) 889-69-85",,"Гостиница, Кафе",нет,,,,,,none,1
1847,Тахта-капы,Дербент,"Республика Дагестан, Дербент, улица 2-й Магал, 5",+7 (928) 238-84-98,,Гостиница,нет,,,,,,none,1
1850,Теремок,Дербент,"Северо-Кавказский федеральный округ, Республика Дагестан, Дербент, Локомотивная 14",,,Гостевой дом,нет,,,,,,none,1
1866,Три Туза,Дербент,"Республика Дагестан, Дербент, улица Таги-Заде, 90",,https://три-туза.кавка3.рф/,Гостиница,нет,,,,,,live,1
1886,У берега,Дербент,"Республика Дагестан, Дербент, Прибрежная улица, 155",+7 (928) 671-55-40,https://u-berega.clients.site/,Гостевой дом,нет,,,,,,live,1
1887,У Вагифа,Дербент,"Республика Дагестан, Дербент, СТ Волна, Звёздная улица",,,"База, дом отдыха",нет,,,,,,none,1
1924,У Фонтана,Дербент,"Республика Дагестан, Дербент, улица Эдисона Пашабекова, 8Б","+7 (922) 488-14-44, +7 (919) 105-75-54",,Гостевой дом,нет,,,,,,none,1
1933,Ундина,Дербент,"Республика Дагестан, Дербент, улица Буйнакского, 27А",,,Гостиница,нет,,,,,,none,1
1939,Уют,Дербент,"Республика Дагестан, Дербент, Махачкалинская улица, 13Б",,https://hostel-ujut-1648666680.clients.site/,Гостевой дом,нет,,,,,,live,1
1975,Хаир,Дербент,"Республика Дагестан, Дербент, улица Юрия Гагарина, 107",,,Гостиница,нет,,,,,,none,1
1990,Хостел,Дербент,"Республика Дагестан, Дербент, улица Шеболдаева, 49А",+7 (993) 144-65-60,,Хостел,нет,,,,,,none,1
1991,Хостел,Дербент,"Республика Дагестан, Дербент, улица Тахо-Годи, 10А",+7 (928) 519-00-90,,Хостел,нет,,,,,,none,1
1995,Хостел,Дербент,"Республика Дагестан, Дербент, улица Шахбазова, 29",+7 (928) 117-10-01,,Хостел,нет,,,,,,none,1
1996,Хостел № 1,Дербент,"Республика Дагестан, Дербент, улица Сальмана, 2","+7 (922) 246-80-61, +7 (992) 206-08-06",,Хостел,нет,,,,,,none,1
1998,Хостел № 7,Дербент,"Республика Дагестан, Дербент, улица 7-й Магал, 16",,,Хостел,нет,,,,,,none,1
2001,Хостел Караван Сарай,Дербент,"Республика Дагестан, Дербент, улица Эдисона Пашабекова, 3",+7 (988) 831-72-00,,"Хостел, Гостиница",нет,,,,,,none,1
2058,Шалбуздаг,Дербент,"Республика Дагестан, Дербент, улица У. Буйнакского, 53Г","+7 (989) 665-48-70, +7 (989) 891-01-01",https://shalbuzdag.ru/#!/tab/815172194-2,Гостиница,нет,,,,,,live,2
2086,ЭкоДача,Дербент,"Республика Дагестан, Дербент, Строительная улица, 3В",+7 (928) 544-49-44,https://eko-dacha-derbent.clients.site/,Гостевой дом,нет,,,,,,live,1
2098,Эталон,Дербент,"Республика Дагестан, Дербент, улица Юрия Гагарина, 25",+7 (967) 937-11-41,,Гостиница,нет,,,,,,none,1
2106,Этно-Дом Дербент,Дербент,"Республика Дагестан, Дербент, Тоннельная улица, 1А",,,Гостиница,нет,,,,,,none,1
2112,Этнохостел,Дербент,"Республика Дагестан, Дербент, Родниковая улица, 8","+7 (988) 316-02-80, +7 (965) 595-55-56",,Хостел,нет,,,,,,none,2
2116,Юж-Даг,Дербент,"Республика Дагестан, Дербент, улица М. Далгата",+7 (963) 411-11-40,,Гостевой дом,нет,,,,,,none,1
2117,ЮжДаг,Дербент,"Республика Дагестан, Дербент, СТ Берёзка, Тупиковая улица, 6",+7 (928) 663-45-35,https://juzhdag-tupikovaja-ulitsa.clients.site/,Гостевой дом,нет,,,,,,live,1
135,Family Villa,Дербентский район,"Республика Дагестан, Дербентский район, село Хазар, улица Мира, 159",+7 (928) 868-02-01,,"Гостевой дом, Гостиница",нет,,,,,,none,1
184,Holidays,Дербентский район,"Республика Дагестан, Дербентский район, сельсовет Первомайский, село Андреевка",+7 (926) 999-17-77,,Гостиница,нет,,,,,,none,1
212,Indigo,Дербентский район,"Республика Дагестан, Дербентский район, село Хазар, Приморская улица, 145",+7 (938) 790-50-66,,Гостевой дом,нет,,,,,,none,3
259,Motel,Дербентский район,"Республика Дагестан, Дербентский район, федеральная дорога Фат-Кавказ, 959 км",+7 (928) 875-81-11,,Гостиница,нет,,,,,,none,1
377,Sunny House,Дербентский район,"Республика Дагестан, Дербентский район, сельсовет Первомайский",+7 (963) 402-03-00,,"Гостиница, База, дом отдыха",нет,,,,,,none,1
388,Tao home,Дербентский район,"Республика Дагестан, Дербентский район, село Хазар",+7 (938) 797-66-06,,Гостевой дом,нет,,,,,,none,1
418,Villa_ogni,Дербентский район,"Республика Дагестан, Дербентский район, сельсовет Первомайский, село Рыбзавод-51",+7 (928) 510-24-77,,Гостевой дом,нет,,,,,,none,1
433,Zira,Дербентский район,"Республика Дагестан, Дербентский район, село Хазар, Железнодорожная улица, 1","+7 (963) 799-92-00, +7 (938) 405-59-76",,Гостиница,нет,,,,,,none,1
451,Адмирал,Дербентский район,"Республика Дагестан, Дербентский район, село Хазар, Прикаспийская улица",+7 (928) 674-58-58,,"База, дом отдыха",нет,,,,,,none,1
522,Арви,Дербентский район,"Республика Дагестан, Дербентский район, село Хазар, Тупиковая улица, 6",+7 (928) 057-80-62,https://hotel-arvi.ru/,Гостиница,нет,,,,,,live,1
591,Баунти,Дербентский район,"Республика Дагестан, Дербентский район, село Хазар, Приморская улица, 65","+7 (928) 581-27-72, +7 (963) 873-33-33",,Гостевой дом,нет,,,,,,none,1
605,Берикей,Дербентский район,"Республика Дагестан, Дербентский район",,,"База, дом отдыха",нет,,,,,,none,1
613,Буревестник,Дербентский район,"Республика Дагестан, Дербентский район",+7 (928) 224-59-15,,Кемпинг,нет,,,,,,none,1
649,Вилла 1 линия,Дербентский район,"Республика Дагестан, Дербентский район, село Хазар",+7 (904) 771-11-48,,Гостевой дом,нет,,,,,,none,1
650,Вилла luxury на берегу моря,Дербентский район,"Республика Дагестан, Дербентский район, село Хазар, улица Мира, 159",+7 (928) 586-09-00,https://villa-luxury.hotel2you.ru/,Гостиница,нет,,,,,,live,1
654,Вилла в Дербенте,Дербентский район,"Республика Дагестан, Дербентский район, село Хазар, 2-я Центральная улица, 1",,,Гостиница,нет,,,,,,none,1
656,Вилла Дача на Берегу Моря,Дербентский район,"Республика Дагестан, Дербентский район, село Хазар, улица Мира, 11",+7 (928) 243-30-93,,"Жильё посуточно, Гостиница",нет,,,,,,none,1
687,Гармония,Дербентский район,"Республика Дагестан, Дербентский район, село Хазар",+7 (937) 559-31-55,,Гостиница,нет,,,,,,none,1
742,Гостевой дом,Дербентский район,"Республика Дагестан, Дербентский район, село Хазар, Приморская улица, 56",+7 (928) 599-00-39,https://gostevoj-dom-1714127106.clients.site/,"База, дом отдыха",нет,,,,,,live,2
793,Гостевой дом,Дербентский район,"Республика Дагестан, Дербентский район, село Хазар, Центральная улица, 40","+7 (926) 197-66-52, +7 (989) 114-73-62",,Гостевой дом,нет,,,,,,none,1
869,Гостевой дом Марьяна,Дербентский район,"Республика Дагестан, Дербентский район, село Хазар",,,Гостевой дом,нет,,,,,,none,1
906,Гостевой дом у моря,Дербентский район,"Республика Дагестан, Дербентский район, село Хазар",+7 (903) 469-66-06,,Гостевой дом,нет,,,,,,none,1
957,Гостиница,Дербентский район,"Республика Дагестан, Дербентский район, село Хазар, Центральная улица, 27",+7 (928) 288-53-53,,Гостиница,нет,,,,,,none,1
1040,Гостиничный дворик,Дербентский район,"Республика Дагестан, Дербентский район, село Хазар, Центральная улица, 10",+7 (928) 563-66-92,,Гостиница,нет,,,,,,none,1
1075,Дача у Моря,Дербентский район,"Республика Дагестан, Дербентский район, село Хазар, улица Мира, 106",+7 (996) 420-91-12,https://dacha-u-morja-ru.clients.site/,Гостевой дом,нет,,,,,,live,1
1083,Дачный домик у моря,Дербентский район,"Республика Дагестан, Дербентский район, село Хазар, улица Мира, 114",,,"Жильё посуточно, Гостиница",нет,,,,,,none,1
1169,Дом у моря,Дербентский район,"Республика Дагестан, Дербентский район, село Хазар, Прибрежная улица, 14",+7 (928) 878-72-90,,Гостевой дом,нет,,,,,,none,1
1179,Дом у моря,Дербентский район,"Республика Дагестан, Дербентский район, сельсовет Первомайский, село Рыбзавод-51, Морская улица, 10",+7 (928) 501-75-58,https://makhachkala.dimpoisk.ru/catalog/item645699.html,"База, дом отдыха",нет,,,,,,live,1
1182,Дом у моря Роуз,Дербентский район,"Республика Дагестан, Дербентский район, село Хазар, Садовая улица, 48",+7 (965) 784-45-55,https://dom-u-morja-rouz.clients.site/,"База, дом отдыха",нет,,,,,,live,1
1215,Домик у берега моря,Дербентский район,"Республика Дагестан, Дербентский район, село Хазар, Прикаспийская улица, 14",+7 (988) 637-93-95,,"База, дом отдыха",нет,,,,,,none,2
1253,Домики у Шаха,Дербентский район,"Республика Дагестан, Дербентский район, село Хазар, Дачная улица",+7 (928) 533-32-22,,"База, дом отдыха",нет,,,,,,none,1
1256,Дружба,Дербентский район,"Республика Дагестан, Дербентский район",,,"База, дом отдыха",нет,,,,,,none,1
1282,Жемчужина юга,Дербентский район,"Республика Дагестан, Дербентский район, село Джалган, улица ФАД, 2/5",+7 (929) 877-82-52,,Гостиница,нет,,,,,,none,1
1302,Золотая Гавань,Дербентский район,"Республика Дагестан, Дербентский район, сельсовет Первомайский, село Рыбзавод-51",+7 (989) 860-40-60,http://zolotaygavan.ru/,Гостиница,нет,,,,,,live,1
1304,Золотой берег,Дербентский район,"Республика Дагестан, Дербентский район, сельсовет Первомайский, посёлок Рыбзавод № 51",+7 (920) 593-66-66,http://gostevoj-dom-1741278758.clients.site/,Гостевой дом,нет,,,,,,live,3
1398,Кемпинг,Дербентский район,"Республика Дагестан, Дербентский район, село Хазар, Садовая улица",+7 (928) 297-00-00,,Гостевой дом,нет,,,,,,none,1
1402,Кемпинг для автодома,Дербентский район,"Республика Дагестан, Дербентский район, Прибрежная улица",,,Кемпинг,нет,,,,,,none,1
1430,Коттедж у моря,Дербентский район,"Республика Дагестан, Дербентский район, село Хазар, 1-я Прикаспийская улица, 37",,,Гостевой дом,нет,,,,,,none,1
1461,Лагуна,Дербентский район,"Республика Дагестан, Дербентский район, село Хазар, Прибрежная улица, 55","+7 (963) 406-60-58, +7 (906) 455-33-12",,Гостевой дом,нет,,,,,,none,1
1486,Люля клаб,Дербентский район,"Республика Дагестан, Дербентский район, село Сабнова","+7 (928) 050-55-54, +7 (999) 533-53-44",,Хостел,нет,,,,,,none,1
1556,Морской Бриз,Дербентский район,"Республика Дагестан, Дербентский район, сельсовет Первомайский, село Андреевка",+7 (989) 867-33-36,https://seabreeze.clients.site/,Гостиница,нет,,,,,,live,2
1570,Мурад,Дербентский район,"Республика Дагестан, Дербентский район, село Хазар, Дачная улица",,,Гостиница,нет,,,,,,none,1
1738,Руслан,Дербентский район,"Республика Дагестан, Дербентский район, село Кала, Октябрьская улица",+7 (963) 666-88-09,,"База, дом отдыха, Отдых на ферме, Турбаза",нет,,,,,,none,1
1773,Сафари,Дербентский район,"Республика Дагестан, Дербентский район, сельсовет Первомайский, село Андреевка",+7 (926) 600-78-35,,Гостевой дом,нет,,,,,,none,1
1816,Сосновый Бор,Дербентский район,"Республика Дагестан, Дербентский район, Природный парк Джалган",+7 (928) 987-13-33,,"База, дом отдыха",нет,,,,,,none,1
1834,Суруш,Дербентский район,"Республика Дагестан, Дербентский район, сельсовет Первомайский, село Рыбзавод-51",+7 (963) 373-81-11,,Гостиница,нет,,,,,,none,1
1876,Турист,Дербентский район,"Республика Дагестан, Дербентский район, Прибрежная улица, 3","+7 (926) 792-29-33, +7 (922) 041-44-43",https://turist-pribrezhnaja-ulitsa.clients.site/,Гостевой дом,нет,,,,,,live,1
1883,У атамана,Дербентский район,"Республика Дагестан, Дербентский район, село Джалган, Р-217 Кавказ, 940-й километр",+7 (928) 553-30-05,,Гостевой дом,нет,,,,,,none,1
1892,У дачи,Дербентский район,"Республика Дагестан, Дербентский район, село Хазар, Учительская улица, 1",+7 (964) 011-80-00,,Гостевой дом,нет,,,,,,none,1
1905,У моря,Дербентский район,"Республика Дагестан, Дербентский район, село Хазар, улица Мира, 124","+7 (928) 514-33-13, +7 (928) 507-81-25",https://umorya24.ru/,Гостевой дом,нет,,,,,,live,1
1906,У моря,Дербентский район,"Республика Дагестан, Дербентский район, село Хазар, Центральная улица, 48",+7 (928) 555-09-30,https://u-morya05.ru/,Гостиница,нет,,,,,,live,1
1931,Уллучай,Дербентский район,"Республика Дагестан, Дербентский район",+7 (967) 409-81-81,,Гостевой дом,нет,,,,,,none,1
1972,Хазар 2,Дербентский район,"Республика Дагестан, Дербентский район, село Хазар, Дачная улица, 22",+7 (938) 205-17-67,,Гостевой дом,нет,,,,,,none,1
1973,Хазар-отель,Дербентский район,"Республика Дагестан, Дербентский район, село Хазар","+7 (965) 641-86-30, +7 (964) 000-52-02",https://hazar-hotel.ru/,Гостевой дом,нет,,,,,,error,1
1974,Хазарский Берег,Дербентский район,"Республика Дагестан, Дербентский район, село Хазар, Приморская улица, 10 А",+7 (988) 263-01-60,https://hazarskij-bereg.clients.site/,Гостиница,нет,,,,,,live,1
2053,ЧетыреДома,Дербентский район,"Республика Дагестан, Дербентский район, село Хазар, Береговая улица",+7 (989) 464-13-05,,Гостевой дом,нет,,,,,,none,1
2070,Шашлык-машлык,Дербентский район,"Республика Дагестан, Дербентский район, Р-217 Кавказ, 961-й километр",+7 (938) 782-32-92,,Глэмпинг,нет,,,,,,none,2
2095,Элита,Дербентский район,"Республика Дагестан, Дербентский район, посёлок Белиджи, микрорайон Штул","+7 (928) 831-83-74, +7 (989) 473-37-09",,Гостиница,нет,,,,,,none,1
2121,Ямаг,Дербентский район,"Республика Дагестан, Дербентский район, село Хазар, Дачная улица, 1М",+7 (989) 461-29-02,,Гостевой дом,нет,,,,,,none,1
621,В гости 05,Докузпаринский район,"Республика Дагестан, Докузпаринский район, село Авадан",+7 (938) 785-77-70,,"База, дом отдыха",нет,,,,,,none,1
904,Гостевой дом у Ирины,Докузпаринский район,"Республика Дагестан, Докузпаринский район, село Авадан, улица Мира, 2",+7 (922) 789-87-30,,Гостевой дом,нет,,,,,,none,1
925,Гостевой дом Шалбуздаг,Докузпаринский район,"Республика Дагестан, Докузпаринский район, село Мискинджа, улица Маршала Жукова, 62/1",+7 (928) 059-46-16,,Гостевой дом,нет,,,,,,none,3
1111,Дом в Авадане,Докузпаринский район,"Республика Дагестан, Докузпаринский район, село Авадан, улица Лермонтова, 36",+7 (927) 555-54-25,,Гостевой дом,нет,,,,,,none,1
1263,Дубовая Роща,Докузпаринский район,"Республика Дагестан, Докузпаринский район, село Микрах, улица Кельбиханова, 63","+7 (965) 228-52-52, +7 (995) 793-02-52",,"База, дом отдыха",нет,,,,,,none,2
1611,Орлиное гнездо,Докузпаринский район,"Республика Дагестан, Докузпаринский район, село Усухчай, улица Мирзабекова, 13",+7 (964) 979-66-69,,Глэмпинг,нет,,,,,,none,1
1634,Отель Авадан,Докузпаринский район,"Республика Дагестан, Докузпаринский район, село Авадан",+7 (965) 068-11-11,,Гостиница,нет,,,,,,none,1
7,3 Сезона,Избербаш,"Республика Дагестан, Избербаш, Приморская улица, 11А","+7 (903) 023-88-83, +7 (964) 454-44-44",,Гостевой дом,нет,,,,,,none,1
9,4 Сезона,Избербаш,"Республика Дагестан, Избербаш, 3-я Приморская улица, 13",,,Гостевой дом,нет,,,,,,none,1
10,42 район,Избербаш,"Республика Дагестан, Избербаш, Индустриальная улица, 1/1",+7 (928) 519-66-42,,"База, дом отдыха, Гостиница",нет,С052025002516,"База отдыха ""42 Район""",Прекращен,051501419621,322057100049177,none,1
13,7 Days,Избербаш,"Республика Дагестан, Избербаш, посёлок Рыбный",+7 (960) 412-13-01,,"База, дом отдыха",нет,,,,,,none,1
54,Baza_Briz,Избербаш,"Республика Дагестан, Избербаш, улица Разина, 31",+7 (929) 876-09-00,,"База, дом отдыха",нет,,,,,,none,1
58,Best_house05,Избербаш,"Республика Дагестан, Избербаш, улица 1-я С. Курбанова, 21",+7 (964) 002-78-44,,Гостевой дом,нет,,,,,,none,1
61,Biva,Избербаш,"Республика Дагестан, городской округ Избербаш",,https://gostevoj-dom-biva.clients.site/,"База, дом отдыха",нет,,,,,,live,1
64,Bright house,Избербаш,"Республика Дагестан, городской округ Избербаш",+7 (989) 465-11-99,,"База, дом отдыха",нет,,,,,,none,1
95,Dacha,Избербаш,"Республика Дагестан, Избербаш, улица Республики, 12",+7 (903) 469-39-93,,Гостиница,нет,,,,,,none,1
107,Descanso,Избербаш,"Республика Дагестан, Избербаш, улица Некрасова, 106/36 д.3",,,"База, дом отдыха",нет,,,,,,none,1
116,Domms,Избербаш,"Республика Дагестан, Избербаш, улица Тургенева, 63",+7 (982) 742-76-16,,Гостевой дом,нет,,,,,,none,1
133,Family Home,Избербаш,"Республика Дагестан, Избербаш, посёлок Рыбный, 11/1",+7 (963) 260-55-55,,Гостевой дом,нет,,,,,,none,1
140,Fish house,Избербаш,"Республика Дагестан, Избербаш, посёлок Рыбный, 11А","+7 (963) 411-11-25, +7 (938) 201-45-55",,Гостевой дом,нет,,,,,,none,1
156,Golden sun,Избербаш,"Республика Дагестан, Избербаш, Индустриальная улица, 40","+7 (963) 401-24-00, +7 (988) 778-99-99",https://golden-sun-industrialnaja-ulitsa.clients.site/,"База, дом отдыха",нет,,,,,,live,1
162,Grand Hotel Izberbash,Избербаш,"Республика Дагестан, Избербаш, Песчаная улица, 88",,,Гостиница,нет,,,,,,none,1
166,Grey Home,Избербаш,"Республика Дагестан, Избербаш, посёлок Рыбный",,,"База, дом отдыха",нет,,,,,,none,1
168,Grey Kaspiy,Избербаш,"Республика Дагестан, Избербаш, посёлок Рыбный","+7 (963) 371-51-11, +7 (967) 407-11-11",,Гостевой дом,нет,,,,,,none,1
181,Holiday Park Parus,Избербаш,"Республика Дагестан, Избербаш",,,Гостиница,нет,,,,,,none,1
182,Holidayhoms,Избербаш,"Республика Дагестан, Избербаш, Приморская улица, 2",+7 (929) 889-56-07,,"База, дом отдыха",нет,,,,,,none,2
202,Hotel On Primorskaya 1,Избербаш,"Республика Дагестан, Избербаш, Приморская улица, 1",,,Гостиница,нет,,,,,,none,1
213,Inn Izba,Избербаш,"Республика Дагестан, Избербаш, улица имени Р. Зорге, 31",,,Гостиница,нет,,,,,,none,1
214,Intourist House,Избербаш,"Республика Дагестан, Избербаш, Архитектурная улица, 14",+7 (989) 451-50-54,,"Жильё посуточно, Гостиница",нет,,,,,,none,1
216,Izbaumorya,Избербаш,"Республика Дагестан, Избербаш, Приморская улица, 2/4",+7 (964) 001-78-92,,"База, дом отдыха",нет,,,,,,none,1
246,Marina,Избербаш,"Республика Дагестан, Избербаш, 3-я Приморская улица, 34Б",,,Гостиница,нет,,,,,,none,1
250,Marriott дома у моря,Избербаш,"Республика Дагестан, Избербаш, Приморская улица, 3А",+7 (964) 013-03-53,,"База, дом отдыха",нет,,,,,,none,1
254,Moon House,Избербаш,"Республика Дагестан, Избербаш, улица Магомета Танкаева, 100А",+7 (988) 220-11-02,https://moon-house.ru/,"База, дом отдыха",нет,,,,,,live,1
276,Okean,Избербаш,"Республика Дагестан, Избербаш, улица Джандарова",,,Гостиница,нет,,,,,,none,1
280,Omali’s,Избербаш,"Республика Дагестан, Избербаш, улица Маяковского, 164А/1",+7 (965) 410-63-90,,Гостевой дом,нет,,,,,,none,1
281,Pacha,Избербаш,"Республика Дагестан, Избербаш, Приморская улица",+7 (905) 507-42-43,,Гостевой дом,нет,,,,,,none,1
282,Palm Beach,Избербаш,"Республика Дагестан, Избербаш, Приморская улица, 1/8",+7 (969) 669-99-22,https://palm-beach.clients.site/,"База, дом отдыха",нет,,,,,,live,1
289,Pink House,Избербаш,"Республика Дагестан, Избербаш, Приморская улица, 3/2",+7 (988) 784-55-77,,"База, дом отдыха",нет,,,,,,none,1
294,Premium,Избербаш,"Республика Дагестан, Избербаш, Приморская улица, 66",+7 (918) 193-95-50,,Турбаза,нет,,,,,,none,1
314,RestHouse,Избербаш,"Республика Дагестан, Избербаш, улица Яникова",+7 (922) 778-87-65,https://resthouse-ulitsa-janikova.clients.site/,"База, дом отдыха",нет,,,,,,live,1
316,Rich Resort,Избербаш,"Республика Дагестан, Избербаш, Приморская улица, 4Б",+7 (928) 987-36-66,https://taplink.cc/richresort,"База, дом отдыха",нет,,,,,,live,1
319,Riviera beach05,Избербаш,"Республика Дагестан, Избербаш, Приморская улица, 9",+7 (928) 930-10-00,,Гостевой дом,нет,,,,,,none,1
320,Riviera village,Избербаш,"Республика Дагестан, Избербаш, посёлок Рыбный",+7 (966) 741-11-11,,"База, дом отдыха",нет,,,,,,none,2
321,Royal,Избербаш,"Республика Дагестан, Избербаш, улица имени Р. Зорге, 56Б",+7 (969) 799-99-20,https://royal-otel.clients.site/,Гостиница,нет,,,,,,live,1
328,Santorini,Избербаш,"Республика Дагестан, Избербаш, Приморская улица, 64",+7 (917) 176-47-25,,Гостевой дом,нет,,,,,,none,1
332,Saraby,Избербаш,"Республика Дагестан, Избербаш, улица Маршала Захарова, 53",+7 (916) 953-05-73,,Гостевой дом,нет,,,,,,none,1
337,Sea Apartments 05,Избербаш,"Республика Дагестан, Избербаш, Приморская улица",+7 (988) 265-95-64,,"База, дом отдыха",нет,,,,,,none,1
342,Sea Relax,Избербаш,"Республика Дагестан, Избербаш, Индустриальная улица, 94",+7 (999) 072-72-00,https://sea-relax.clients.site/,"База, дом отдыха",нет,,,,,,live,1
343,Sea Time,Избербаш,"Республика Дагестан, Избербаш, улица Королёва, 4",+7 (936) 666-63-21,,Гостевой дом,нет,,,,,,none,2
351,Seavilla,Избербаш,"Республика Дагестан, Избербаш, Приморская улица, 1/7",,,"База, дом отдыха",нет,,,,,,none,1
374,Sun&Moon,Избербаш,"Республика Дагестан, Избербаш, Песчаная улица, 1/4",+7 (938) 796-99-73,,"База, дом отдыха",нет,,,,,,none,1
372,Sun_life 05,Избербаш,"Республика Дагестан, Избербаш, Приморская улица",+7 (961) 837-42-22,https://sun-life-05.clients.site/,"База, дом отдыха",нет,,,,,,live,1
385,Sunshine Izberbash,Избербаш,"Республика Дагестан, Избербаш, Приморская улица, 11/1",+7 (960) 414-05-40,,"Жильё посуточно, Гостиница",нет,,,,,,none,2
405,Veranda. rest,Избербаш,"Республика Дагестан, Избербаш, Приморская улица, 3А",+7 (928) 583-15-55,,"База, дом отдыха",нет,,,,,,none,1
412,Villa Largo,Избербаш,"Республика Дагестан, Избербаш, улица Маршала Бирюзова, 64",+7 (938) 144-77-74,https://villa-largo.clients.site/,Гостевой дом,нет,,,,,,live,1
420,Vozduh,Избербаш,"Республика Дагестан, Избербаш, Приморская улица, 57",+7 (964) 007-79-33,,Гостевой дом,нет,,,,,,none,1
425,White Whale Beach,Избербаш,"Республика Дагестан, Избербаш, Приморская улица, 2/16",+7 (988) 454-93-34,,"База, дом отдыха",нет,,,,,,none,1
426,Whitewhale05,Избербаш,"Республика Дагестан, Избербаш, Приморская улица, 2/16",+7 (928) 803-47-77,https://whitewill-05.clients.site/,"База, дом отдыха",нет,,,,,,live,1
438,Ава домики,Избербаш,"Республика Дагестан, Избербаш, 1-я Береговая улица, 25",+7 (963) 050-00-55,https://ava-1-ja-beregovaja-ulitsa.clients.site/,"База, дом отдыха",нет,,,,,,live,1
443,Август,Избербаш,"Республика Дагестан, Избербаш, улица Оника Арсеньевича Межлумова, 6",+7 (918) 733-01-47,https://avgust-1717597687.clients.site/,Гостиница,нет,,,,,,live,1
453,Адмиралъ,Избербаш,"Республика Дагестан, Избербаш, Песчаная улица, 1/1",,,"База, дом отдыха",нет,,,,,,none,1
462,Акватория,Избербаш,"Республика Дагестан, Избербаш, улица Оника Арсеньевича Межлумова, 10","+7 (967) 407-60-06, +7 (963) 408-11-15",https://aquatoriya-hotel.clients.site/,Гостевой дом,нет,,,,,,live,1
514,Апартаменты Премиум Класса,Избербаш,"Республика Дагестан, Избербаш, Приморская улица, 56",+7 (989) 485-65-59,,"База, дом отдыха",нет,,,,,,none,1
524,Арго,Избербаш,"Республика Дагестан, Избербаш, Партизанская улица, 62",+7 (963) 406-50-37,https://argo-partizanskaja-ulitsa.clients.site/,Гостиница,нет,,,,,,live,1
525,Ареал,Избербаш,"Республика Дагестан, Избербаш, Архитектурная улица, 11",+7 (964) 007-04-98,,Гостиница,нет,,,,,,none,2
528,Аристократ,Избербаш,"Республика Дагестан, Избербаш, улица Некрасова, 100",+7 (988) 291-44-47,,Гостиница,нет,,,,,,none,1
531,Ассоль,Избербаш,"Республика Дагестан, Избербаш, Архитектурная улица, 1",+7 (961) 658-87-25,,Гостевой дом,нет,,,,,,none,1
536,Атлант,Избербаш,"Республика Дагестан, Избербаш, посёлок Рыбный, 31/1",+7 (909) 480-44-77,,Гостевой дом,нет,,,,,,none,1
538,Атлантика,Избербаш,"Республика Дагестан, Избербаш, Приморская улица, 10В",,,"База, дом отдыха",нет,,,,,,none,1
539,Атмосфера,Избербаш,"Республика Дагестан, Избербаш, посёлок Рыбный, 1Б/3",+7 (963) 799-28-88,https://atmosfera-1752837233.clients.site/,Гостевой дом,нет,,,,,,live,1
543,Афрейм,Избербаш,"Республика Дагестан, Избербаш, Приморская улица, 1/1",+7 (963) 403-43-11,,"База, дом отдыха",нет,,,,,,none,1
564,База отдыха Домики Каякент,Избербаш,"Республика Дагестан, Избербаш",,,"База, дом отдыха, Гостиница",нет,,,,,,none,1
567,База отдыха Лукойл,Избербаш,"Республика Дагестан, городской округ Избербаш, ДНП Нефтяник, 128",,,"База, дом отдыха, Гостиница",нет,,,,,,none,1
586,Бамбуковый домик,Избербаш,"Республика Дагестан, Избербаш, ДНП Нефтяник, 101",+7 (964) 000-11-06,,Гостевой дом,нет,,,,,,none,1
596,Белый кит,Избербаш,"Республика Дагестан, Избербаш, Приморская улица, 2/16",+7 (988) 276-77-80,,"База, дом отдыха",нет,,,,,,none,1
607,Близняшки,Избербаш,"Республика Дагестан, Избербаш, улица Республики, 22",,,"База, дом отдыха",нет,,,,,,none,1
615,Бутик- отель ТБС-Избербаш,Избербаш,"Республика Дагестан, Избербаш, улица Г. Гамидова, 71А",,,"Гостиница, Кабельное телевидение",нет,,,,,,none,1
631,Венеция,Избербаш,"Республика Дагестан, Избербаш, Солнечная улица",+7 (964) 007-74-95,,Гостиница,нет,,,,,,none,1
632,Веранда,Избербаш,"Республика Дагестан, городской округ Избербаш",,,Гостевой дом,нет,,,,,,none,1
647,Вила Камила,Избербаш,"Республика Дагестан, Избербаш, Приморская улица, 2/4",+7 (928) 974-99-87,,"Жильё посуточно, Гостевой дом",нет,,,,,,none,1
681,Гавань,Избербаш,"Республика Дагестан, Избербаш, Приморская улица, 11А",+7 (903) 477-85-82,,Гостиница,нет,,,,,,none,1
685,Гармония,Избербаш,"Республика Дагестан, Избербаш, улица Салихова, 64/1","+7 (964) 050-69-29, +7 (928) 594-85-60",https://garmonija-ulitsa-marshala-zaharova.clients.site/,"База, дом отдыха",нет,,,,,,live,1
695,Гефест,Избербаш,"Республика Дагестан, Избербаш, ДНП Термист-2",,,"База, дом отдыха",нет,,,,,,none,1
706,Голден Бич,Избербаш,"Республика Дагестан, Избербаш, Партизанская улица, 2/1","+7 (928) 499-99-33, +7 (922) 280-43-80",,Гостиница,нет,,,,,,none,1
732,Гостевой дом,Избербаш,"Республика Дагестан, Избербаш, Загородная улица, 81",+7 (903) 423-33-37,,Гостевой дом,нет,,,,,,none,1
762,Гостевой дом,Избербаш,"Республика Дагестан, Избербаш, ДНП Термист, 60А","+7 (960) 417-28-14, +7 (911) 064-46-00",https://gostevoj-dom-1721240160.clients.site/,"База, дом отдыха",нет,,,,,,live,1
821,Гостевой дом Merrysun,Избербаш,"Республика Дагестан, Избербаш, Приморская улица, 3/4",+7 (928) 559-36-40,,"База, дом отдыха",нет,,,,,,none,1
828,Гостевой Дом Traveler в Избербаше,Избербаш,"Республика Дагестан, Избербаш, Приморская улица, 207",+7 (964) 012-42-90,,Гостевой дом,нет,,,,,,none,1
884,Гостевой Дом Оазис,Избербаш,"Республика Дагестан, Избербаш, Приморская улица, 1Б",,,Гостиница,нет,,,,,,none,1
885,Гостевой дом Омега,Избербаш,"Республика Дагестан, Избербаш, Приморская улица, 67",+7 (960) 413-12-92,https://makhachkala.dimpoisk.ru/catalog/item622165.html,Гостевой дом,нет,,,,,,live,1
895,Гостевой дом Сургут,Избербаш,"Республика Дагестан, Избербаш, Набережная улица, 3Д",,,Гостевой дом,нет,,,,,,none,1
901,Гостевой дом у Аслимат,Избербаш,"Республика Дагестан, Избербаш, Интернациональная улица, 58","+7 (903) 669-99-70, +7 (967) 404-22-75",,"Гостевой дом, Гостиница",нет,,,,,,none,1
921,Гостевой дом Урхудуб,Избербаш,"Республика Дагестан, Избербаш, Приморская улица, 111А",,,Гостевой дом,нет,,,,,,none,1
935,Гостевые дома Мариэль,Избербаш,"Республика Дагестан, Избербаш",+7 (963) 403-77-55,,Гостевой дом,нет,,,,,,none,1
963,Гостиница,Избербаш,"Республика Дагестан, Избербаш, Приморская улица, 67В",+7 (934) 999-90-13,https://gostinitsa-1749566909.clients.site/,Гостиница,нет,,,,,,live,1
1022,Гостиница Два якоря,Избербаш,"Республика Дагестан, городской округ Избербаш",+7 (999) 692-41-92,,Гостиница,нет,,,,,,none,1
1023,Гостиница Каспиское море,Избербаш,"Республика Дагестан, Избербаш, посёлок Рыбный, 1Б-1",,,Гостиница,нет,,,,,,none,1
1034,Гостиница у Гаджиомара,Избербаш,"Республика Дагестан, Избербаш, Приморская улица, 8",+7 (964) 007-57-80,,"База, дом отдыха, Гостиница",нет,,,,,,none,1
1045,Гостиный двор У Захара,Избербаш,"Республика Дагестан, Избербаш, Приморская улица, 45А",,,Гостиница,нет,,,,,,none,1
1076,Дача у моря,Избербаш,"Республика Дагестан, городской округ Избербаш, ДНП Нефтяник",+7 (967) 931-01-41,,Гостиница,нет,,,,,,none,1
1081,Дачный домик 12,Избербаш,"Республика Дагестан, Избербаш, ДНТ Каспий, 12Б",+7 (963) 406-46-46,,"База, дом отдыха",нет,,,,,,none,2
1117,Дом Лермонтова,Избербаш,"Республика Дагестан, Избербаш, улица Лермонтова, 1",+7 (926) 894-01-01,https://dom-lermontova.clients.site/,Гостиница,нет,,,,,,live,1
1154,Дом у моря,Избербаш,"Республика Дагестан, Избербаш, улица Македонского, 71",+7 (928) 513-03-01,https://taplink.cc/housebythesea,Гостевой дом,нет,,,,,,live,1
1159,Дом у моря,Избербаш,"Республика Дагестан, Избербаш, улица Тургенева, 74","+7 (928) 522-98-88, +7 (925) 777-39-61",http://dom-u-morja-ulitsa-turgeneva.clients.site/,Гостевой дом,нет,,,,,,live,3
1175,Дом у моря,Избербаш,"Республика Дагестан, Избербаш, Архитектурная улица, 18",+7 (929) 868-05-09,,"База, дом отдыха",нет,,,,,,none,1
1181,Дом у моря 7я,Избербаш,"Республика Дагестан, Избербаш, Индустриальная улица, 42",+7 (967) 937-92-22,,"База, дом отдыха",нет,,,,,,none,1
1191,Дом. Рядом горячий сероводородный источник,Избербаш,"Республика Дагестан, Избербаш, улица Умаханова, 18",+7 (963) 426-69-68,,Гостевой дом,нет,,,,,,none,1
1193,Дома у моря,Избербаш,"Республика Дагестан, Избербаш, улица Ушакова, 5/3",+7 (928) 211-11-05,https://doma-u-morya.clients.site/,Гостиница,нет,,,,,,live,2
1200,Дома у моря Sunday,Избербаш,"Республика Дагестан, Избербаш, Приморская улица, 1/4",,,"База, дом отдыха",нет,,,,,,none,1
1225,Домик у моря,Избербаш,"Республика Дагестан, Избербаш, квартал Головная Нефтекачка, 6А",+7 (928) 801-78-08,,Гостевой дом,нет,,,,,,none,1
1240,Домики Бриз,Избербаш,"Республика Дагестан, Избербаш, Архитектурная улица, 2",,,Гостиница,нет,,,,,,none,1
1246,Домики отдыха Горец,Избербаш,"Республика Дагестан, Избербаш, улица Македонского, 64",+7 (964) 012-24-24,,Гостевой дом,нет,,,,,,none,1
1251,Домики у моря Калипсо,Избербаш,"Республика Дагестан, Избербаш, улица Магомеда Танкаева, 111",+7 (964) 511-11-55,,"База, дом отдыха",нет,,,,,,none,1
1254,Домики_на_Барвихе,Избербаш,"Республика Дагестан, городской округ Избербаш, улица Барвиха, 61",+7 (961) 755-75-55,,Гостевой дом,нет,,,,,,none,1
1258,Друзья,Избербаш,"Республика Дагестан, Избербаш, поселок Рыбный",+7 (928) 556-22-33,https://baza-friends.ru/,Турбаза,нет,,,,,,live,1
1273,Жемчужина,Избербаш,"Республика Дагестан, Избербаш, Приморская улица, 1/1",+7 (903) 477-80-30,https://zhemchuzhina-primorskaja-ulitsa.clients.site/,"База, дом отдыха, Гостиница",нет,,,,,,live,1
1275,Жемчужина,Избербаш,"Республика Дагестан, Избербаш, улица Лермонтова, 45",+7 (964) 003-98-33,,Гостиница,нет,,,,,,none,1
1298,Звезда,Избербаш,"Республика Дагестан, Избербаш, Солнечная улица, 1",,,"Гостиница, Хостел, Столовая",нет,,,,,,none,1
1299,Звёздный,Избербаш,"Республика Дагестан, Избербаш, Звёздная улица, 2",+7 (961) 479-42-67,,Гостевой дом,нет,,,,,,none,1
1300,Зов Каспия,Избербаш,"Республика Дагестан, Избербаш, посёлок Рыбный, 1Б1",+7 (903) 477-72-26,,Гостиница,нет,,,,,,none,1
1313,Изберг,Избербаш,"Республика Дагестан, Избербаш, Архитектурная улица, 4","+7 (963) 423-84-44, +7 (929) 876-22-66",,"Гостевой дом, Гостиница",нет,,,,,,none,1
1317,Испанский квартал,Избербаш,"Республика Дагестан, Избербаш, улица Некрасова, 100",+7 (928) 981-73-75,,Гостевой дом,нет,,,,,,none,1
1318,Источник,Избербаш,"Республика Дагестан, Избербаш",+7 (988) 696-50-03,,"База, дом отдыха",нет,,,,,,none,1
1323,Казбек,Избербаш,"Республика Дагестан, Избербаш, улица Маршала Жукова, 37",,,"База, дом отдыха",нет,,,,,,none,1
1358,Калипсо,Избербаш,"Республика Дагестан, Избербаш, Приморская улица, 18",+7 (928) 525-37-77,,Гостевой дом,нет,,,,,,none,1
1359,Калифея,Избербаш,"Республика Дагестан, Избербаш, улица имени Р. Зорге, 34А",+7 (999) 444-99-55,https://kalifeja.clients.site/,Гостиница,нет,,,,,,live,1
1362,Калуга,Избербаш,"Республика Дагестан, Избербаш, 2-я Приморская улица, 44",,,"База, дом отдыха, Гостиница",нет,,,,,,none,1
1365,Каппадокия,Избербаш,"Республика Дагестан, Избербаш",+7 (977) 886-58-88,,"База, дом отдыха",нет,,,,,,none,1
1366,Караван,Избербаш,"Республика Дагестан, Избербаш, посёлок Рыбный, 77",+7 (928) 512-45-55,,"База, дом отдыха",нет,,,,,,none,1
1377,Каспий Избербаш,Избербаш,"Республика Дагестан, Избербаш, 1-я Береговая улица, 27",+7 (988) 791-81-07,https://kaspij-izberbash.clients.site/,"База, дом отдыха",нет,,,,,,live,1
1417,Константинополь,Избербаш,"Республика Дагестан, Избербаш, посёлок Рыбный, 2/4","+7 (909) 483-93-20, +7 (963) 411-18-06",https://konstantinopol05.clients.site/,"База, дом отдыха",нет,,,,,,live,1
1419,Коралл,Избербаш,"Республика Дагестан, Избербаш, ДНП Нефтяник",+7 (933) 211-11-31,,Гостиница,нет,,,,,,none,1
1423,Коттедж,Избербаш,"Республика Дагестан, Избербаш, улица Некрасова, 100",+7 (965) 491-79-99,,Гостевой дом,нет,,,,,,none,1
1427,Коттедж на берегу моря,Избербаш,"Республика Дагестан, Избербаш, Приморская улица, 1/4",+7 (906) 666-29-92,,Гостевой дом,нет,,,,,,none,1
1438,Коттеджи Премиум,Избербаш,"Республика Дагестан, Избербаш, Индустриальная улица, 4Г","+7 (928) 979-00-00, +7 (918) 734-88-52",,"База, дом отдыха",нет,,,,,,none,1
1440,Котткдж,Избербаш,"Республика Дагестан, Избербаш, улица Совзихана Совзиханова, 56",+7 (964) 049-18-99,,Гостевой дом,нет,,,,,,none,1
1448,Кристалл,Избербаш,"Республика Дагестан, Избербаш, квартал Головная Нефтекачка",+7 (960) 411-38-88,,"База, дом отдыха",нет,,,,,,none,1
1463,Лагуна,Избербаш,"Республика Дагестан, Избербаш, Индустриальная улица, 230",+7 (963) 416-16-05,,"База, дом отдыха",нет,,,,,,none,1
1469,Лаки - Термал,Избербаш,"Республика Дагестан, городской округ Избербаш, ДНП Нефтяник, 104",+7 (931) 444-41-41,,Гостиница,нет,,,,,,none,1
1480,Лето,Избербаш,"Республика Дагестан, Избербаш, Приморская улица, 1/9",,,Гостиница,нет,,,,,,none,1
1487,М-Гаджи,Избербаш,"Республика Дагестан, Избербаш, Партизанская улица, 58",,,Гостиница,нет,,,,,,none,1
1506,Маяк,Избербаш,"Республика Дагестан, Избербаш, посёлок Рыбный, 14Г",+7 (967) 405-00-60,,"База, дом отдыха",нет,,,,,,none,1
1538,Море Go,Избербаш,"Республика Дагестан, Избербаш, улица Шайдаева, 13",+7 (967) 736-66-65,,Гостевой дом,нет,,,,,,none,1
1544,Морис,Избербаш,"Республика Дагестан, Избербаш, Приморская улица, 13/2",+7 (988) 445-50-91,http://www.apartmoris.ru/,"Гостевой дом, Гостиница",нет,,,,,,live,1
1546,Морская бухта,Избербаш,"Республика Дагестан, Избербаш, улица Огарёва, 60",+7 (963) 791-60-01,,Гостевой дом,нет,,,,,,none,1
1558,Морской Бризз,Избербаш,"Республика Дагестан, Избербаш, улица Рыбникова, 2",+7 (928) 676-66-96,https://morskoj-brizz.clients.site/,"База, дом отдыха",нет,,,,,,live,1
1559,Морской Дворик,Избербаш,"Республика Дагестан, Избербаш, 1-я Береговая улица, 6А","+7 (963) 421-77-71, +7 (928) 677-02-22",,Гостевой дом,нет,,,,,,none,1
1562,Моряна,Избербаш,"Республика Дагестан, Избербаш, посёлок Рыбный, 245",+7 (963) 632-00-05,https://moryana-1686334291.clients.site/,"База, дом отдыха",нет,,,,,,live,1
1594,Нова,Избербаш,"Республика Дагестан, Избербаш, Приморская улица, 2/7",,,Гостиница,нет,,,,,,none,1
1596,Нур,Избербаш,"Республика Дагестан, Избербаш, посёлок Рыбный, 22",,,"Гостевой дом, Гостиница",нет,,,,,,none,1
1598,Нур,Избербаш,"Республика Дагестан, Избербаш, Партизанская улица, 71",+7 (964) 007-00-93,,Турбаза,нет,,,,,,none,2
1600,Оазис,Избербаш,"Республика Дагестан, Избербаш, Песчаная улица, 2/2",,,Гостиница,нет,,,,,,none,1
1627,Отель Baraka,Избербаш,"Республика Дагестан, Избербаш, улица имени Р. Зорге, 31",,,Гостиница,нет,,,,,,none,1
1644,Отель Южное сияние,Избербаш,"Республика Дагестан, Избербаш, Индустриальная улица","+7 (928) 060-19-19, +7 (963) 424-90-90",,Гостиница,нет,,,,,,none,1
1647,Павлония,Избербаш,"Республика Дагестан, Избербаш, посёлок Рыбный, 1М","+7 (903) 499-65-55, +7 (928) 973-06-56",,Гостевой дом,нет,,,,,,none,1
1660,Парус,Избербаш,"Республика Дагестан, Избербаш, Приморская улица, 1/5",+7 (967) 406-47-28,,"База, дом отдыха",нет,,,,,,none,1
1667,Персик,Избербаш,"Республика Дагестан, Избербаш, Приморская улица",+7 (912) 360-53-21,https://persik-primorskaja-ulitsa.clients.site/,Гостевой дом,нет,,,,,,live,1
1679,Посейдон,Избербаш,"Республика Дагестан, Избербаш, посёлок Рыбный, 1Б1",+7 (938) 789-85-89,,"База, дом отдыха",нет,,,,,,none,1
1680,Посёлок рыбный,Избербаш,"Республика Дагестан, Избербаш, Партизанская улица, 71",,,Турбаза,нет,,,,,,none,1
1682,Пресняки,Избербаш,"Республика Дагестан, городской округ Избербаш",+7 (992) 888-22-82,,Гостевой дом,нет,,,,,,none,1
1685,Привал,Избербаш,"Республика Дагестан, Избербаш, улица Джандарова, 40",,,Гостиница,нет,,,,,,none,1
1689,Приморская 37,Избербаш,"Республика Дагестан, Избербаш, Приморская улица, 37",,,Гостиница,нет,,,,,,none,1
1691,Приморский Берег,Избербаш,"Республика Дагестан, Избербаш, Приморская улица, 9А",+7 (928) 515-14-15,,Гостиница,нет,,,,,,none,1
1695,Пушкинъ,Избербаш,"Республика Дагестан, Избербаш, улица Некрасова 101",+7 (916) 266-11-66,http://pushkinhotel05.ru/,Гостиница,нет,,,,,,live,1
1698,РаЗа,Избербаш,"Республика Дагестан, Избербаш, Приморская улица, 17/3",+7 (903) 427-60-95,https://dom-u-morja-1751870746.clients.site/,Гостевой дом,нет,,,,,,live,1
1709,Ранчо,Избербаш,"Республика Дагестан, городской округ Избербаш, ДНП Нефтяник, 138",+7 (989) 678-68-98,,Гостиница,нет,,,,,,none,1
1716,Рахат,Избербаш,"Республика Дагестан, Избербаш, улица имени Р. Зорге, 40А",+7 (988) 690-54-04,,Гостиница,нет,,,,,,none,1
1718,Резидент-палас,Избербаш,"Республика Дагестан, Избербаш, улица Совзиханова, 69А","+7 (909) 434-44-43, +7 (906) 450-00-28",,Гостиница,нет,,,,,,none,1
1722,Релакс Хаус,Избербаш,"Республика Дагестан, Избербаш, Приморская улица, 2/15",+7 (964) 444-02-05,,"База, дом отдыха, Жильё посуточно",нет,,,,,,none,1
1726,Ривьера,Избербаш,"Республика Дагестан, Избербаш, Индустриальная улица, 41",+7 (928) 525-11-32,https://rivera-industrialnaja-ulitsa.clients.site/,Гостевой дом,нет,,,,,,live,1
1737,Русалка,Избербаш,"Республика Дагестан, Избербаш, посёлок Рыбный, 14Г",+7 (928) 254-83-48,,Турбаза,нет,,,,,,none,1
1741,Рыбный пляж,Избербаш,"Республика Дагестан, Избербаш, Приморская улица, 5",+7 (903) 481-77-77,,"База, дом отдыха",нет,,,,,,none,1
1765,Санибич,Избербаш,"Республика Дагестан, Избербаш, улица Некрасова, 106/41",+7 (964) 002-02-08,,"База, дом отдыха",нет,,,,,,none,1
1789,Семейный двор у Ларисы,Избербаш,"Республика Дагестан, Избербаш, Приморская улица, 26","+7 (967) 409-88-80, +7 (909) 481-36-73",,"База, дом отдыха",нет,,,,,,none,1
1791,Семейный Дворик,Избербаш,"Республика Дагестан, Избербаш, Приморская улица, 30А",,,Гостиница,нет,,,,,,none,1
1794,Семейный отель Denis,Избербаш,"Республика Дагестан, Избербаш, Индустриальная улица, 118",,,Гостиница,нет,,,,,,none,1
1800,Сириус,Избербаш,"Республика Дагестан, Избербаш, Приморская улица, 1/1",+7 (965) 314-55-87,,"База, дом отдыха",нет,,,,,,none,1
1808,Современный двухэтажный коттедж у моря в пригороде Избербаша,Избербаш,"Республика Дагестан, Избербаш, Песчаная улица, 29",+7 (989) 659-07-07,,Турбаза,нет,,,,,,none,1
1810,Солнечный,Избербаш,"Республика Дагестан, Избербаш, улица Некрасова, 106/5",+7 (963) 406-50-53,,Гостевой дом,нет,,,,,,none,1
1853,Тихая Гавань,Избербаш,"Республика Дагестан, Избербаш, улица имени Р. Зорге, 43",,,Гостиница,нет,,,,,,none,1
1864,Три кита,Избербаш,"Республика Дагестан, Избербаш, Приморская улица, 2/16",+7 (928) 277-34-77,,Гостевой дом,нет,,,,,,none,1
1881,У Айки,Избербаш,"Республика Дагестан, Избербаш, ДНП Нефтяник, 3А","+7 (906) 448-10-50, +7 (989) 672-50-31",https://u-ajki.clients.site/,Гостиница,нет,,,,,,live,1
1894,У Земфиры,Избербаш,"Республика Дагестан, Избербаш, Приморская улица, 21В",,,Гостевой дом,нет,,,,,,none,1
1896,У Источника,Избербаш,"Республика Дагестан, городской округ Избербаш",+7 (963) 375-95-75,https://makhachkala.dimpoisk.ru/catalog/item635412.html,Гостиница,нет,,,,,,live,2
1898,У Курбана,Избербаш,"Республика Дагестан, городской округ Избербаш, ДНП Нефтяник",+7 (967) 400-15-57,,Гостевой дом,нет,,,,,,none,1
1904,У Магомеда,Избербаш,"Республика Дагестан, Избербаш, Солнечная улица, 5",,,Гостиница,нет,,,,,,none,1
1911,У Пати,Избербаш,"Республика Дагестан, Избербаш, Приморская улица, 48",,,"База, дом отдыха",нет,,,,,,none,1
1914,У Раи,Избербаш,"Республика Дагестан, Избербаш, Приморская улица, 11Г","+7 (989) 865-03-30, +7 (963) 428-88-89, +7 (903) 481-68-88",,Гостевой дом,нет,,,,,,none,1
1918,У Саният,Избербаш,"Республика Дагестан, городской округ Избербаш",+7 (963) 400-06-00,,"База, дом отдыха",нет,,,,,,none,1
1947,Уютный дворик,Избербаш,"Республика Дагестан, Избербаш, улица Папанина Ивана Дмитриевича, 49",+7 (906) 004-08-08,,Гостевой дом,нет,,,,,,none,1
1949,Уютный дом на бepегу Каспийского моря,Избербаш,"Республика Дагестан, Избербаш, ДНП Нефтяник, 119",+7 (964) 004-42-22,,"Жильё посуточно, Гостиница",нет,,,,,,none,1
1978,Хан,Избербаш,"Республика Дагестан, Избербаш, Приморская улица, 1/7",+7 (967) 404-77-77,,"База, дом отдыха",нет,,,,,,none,1
1987,Хоредж,Избербаш,"Республика Дагестан, Избербаш, улица Алиева Али Зуркарнаевича, 52",+7 (989) 878-18-88,http://horedjhotel.wixsite.com/horedjhotel,Гостиница,нет,,,,,,live,1
1988,Хостел,Избербаш,"Республика Дагестан, Избербаш, Индустриальная улица, 150",+7 (964) 008-00-81,,Хостел,нет,,,,,,none,1
2003,Хостел на Приморской улице 74,Избербаш,"Республика Дагестан, Избербаш, Приморская улица, 74",,,Хостел,нет,,,,,,none,1
2013,Чайка,Избербаш,"Республика Дагестан, Избербаш, улица Оника Арсеньевича Межлумова",,,"Хостел, Гостиница",нет,,,,,,none,1
2057,Шалаш гостевой дом,Избербаш,"Республика Дагестан, Избербаш, 3-я Приморская улица, 2","+7 (906) 447-73-53, +7 (928) 543-44-64",,"База, дом отдыха",нет,,,,,,none,1
2072,Штиль,Избербаш,"Республика Дагестан, Избербаш, Архитектурная улица, 15А",+7 (965) 917-10-09,,Гостиница,нет,,,,,,none,1
2075,Шум Каспия,Избербаш,"Республика Дагестан, Избербаш, квартал Головная Нефтекачка, 5Г",+7 (928) 555-07-44,,Гостевой дом,нет,,,,,,none,1
2082,Эдем,Избербаш,"Республика Дагестан, Избербаш, Индустриальная улица, 40",+7 (989) 874-14-14,,Гостиница,нет,,,,,,none,2
2101,Этно вилла,Избербаш,"Республика Дагестан, Избербаш, Приморская улица, 1/2",+7 (928) 973-71-73,http://ethnovilla.ru/,"База, дом отдыха",нет,,,,,,live,1
2111,Этнос,Избербаш,"Республика Дагестан, Избербаш, улица Яникова, 23","+7 (988) 784-61-71, +7 (903) 480-20-05",,Гостиница,нет,,,,,,none,1
6,3 Квартал,Казбековский район,"Республика Дагестан, Казбековский район, посёлок городского типа Дубки, 3-й квартал",,,Хостел,нет,,,,,,none,1
23,Albayt,Казбековский район,"Республика Дагестан, Казбековский район, село Ново-Зубутли",+7 (999) 241-89-53,,"База, дом отдыха",нет,,,,,,none,1
221,Kanyonbesedki,Казбековский район,"Республика Дагестан, Казбековский район, посёлок городского типа Дубки, 1-й квартал",+7 (988) 428-51-09,,Кемпинг,нет,,,,,,none,2
285,Paradis,Казбековский район,"Республика Дагестан, Казбековский район, село Калининаул, 10-я линия, 17",+7 (928) 596-52-06,,"База, дом отдыха",нет,,,,,,none,1
478,Амира,Казбековский район,"Республика Дагестан, Казбековский район, село Ново-Зубутли","+7 (928) 595-06-03, +7 (928) 553-97-67",,"База, дом отдыха",нет,,,,,,none,1
701,Глэмпинг,Казбековский район,"Республика Дагестан, Казбековский район, село Зубутли",+7 (988) 448-00-09,,Кемпинг,нет,,,,,,none,1
983,Гостиница,Казбековский район,"Республика Дагестан, Казбековский район, сельсовет Зубутлинский, село Ново-Зубутли",+7 (960) 415-00-87,,Гостиница,нет,,,,,,none,1
1071,Дача,Казбековский район,"Республика Дагестан, Казбековский район",+7 (989) 488-70-00,,Турбаза,нет,,,,,,none,1
1211,Домик в персиковом саду,Казбековский район,"Республика Дагестан, Казбековский район, сельсовет Зубутлинский, село Ново-Зубутли",+7 (989) 898-99-33,https://дамураби.рф/%D0%94%D0%B0%D0%BC%D1%83%D1%80%D0%B0%D0%B1%D0%B8-1,"Гостевой дом, Гостиница",нет,,,,,,live,1
1259,Дубки Сулакский Каньон,Казбековский район,"Республика Дагестан, Казбековский район, посёлок городского типа Дубки, 17",+7 (928) 588-17-79,https://apartamenty-dubki-sulakskij-1698829392.clients.site/,Гостиница,нет,,,,,,live,2
1399,Кемпинг,Казбековский район,"Республика Дагестан, Казбековский район, село Ново-Зубутли",+7 (928) 570-85-36,,Кемпинг,нет,,,,,,none,1
1457,КФХ Родник,Казбековский район,"Республика Дагестан, Казбековский район, сельсовет Зубутлинский, село Зубутли",+7 (989) 487-42-42,,Гостиница,нет,,,,,,none,1
1526,Мини-отель Хаусбот Dib_house,Казбековский район,"Республика Дагестан, Казбековский район, посёлок городского типа Дубки",,,Гостиница,нет,,,,,,none,1
1579,На краю,Казбековский район,"Республика Дагестан, Казбековский район, село Ново-Зубутли",+7 (988) 690-03-70,,Гостиница,нет,,,,,,none,1
1582,На Рахате,Казбековский район,"Республика Дагестан, Казбековский район, сельсовет Зубутлинский, село Ново-Зубутли","+7 (960) 413-92-95, +7 (938) 777-87-36, +7 (928) 867-66-69",https://narakhate05.ru/,"База, дом отдыха",нет,,,,,,live,1
1612,Османова,Казбековский район,"Республика Дагестан, Казбековский район, посёлок городского типа Дубки, 10",,,Гостиница,нет,,,,,,none,1
1897,У каньона,Казбековский район,"Республика Дагестан, Казбековский район, село Зубутли",+7 (988) 446-38-92,,"Гостиница, Гостевой дом",нет,,,,,,none,1
1909,У Муцалхана,Казбековский район,"Республика Дагестан, Казбековский район, село Ново-Зубутли",,,Гостиница,нет,,,,,,none,1
738,Гостевой дом,Кайтагский район,"Республика Дагестан, Кайтагский район, сельсовет Шилягинский, село Адага","+7 (964) 018-31-17, +7 (969) 667-90-07",,Гостевой дом,нет,,,,,,none,1
866,Гостевой дом Лесная поляна,Кайтагский район,"Республика Дагестан, Кайтагский район, село Родниковый, Шоссейная улица, 7","+7 (963) 415-76-15, +7 (963) 792-01-92",,"База, дом отдыха",нет,,,,,,none,1
1325,Кайтаг,Кайтагский район,"Республика Дагестан, Кайтагский район, село Карацан, Каршинская улица, 4",,,Гостиница,нет,,,,,,none,1
1731,Россия,Кайтагский район,"Республика Дагестан, Кайтагский район, сельсовет Маджалисский, село Маджалис, 1-я Юбилейная улица",,,Гостевой дом,нет,,,,,,none,1
1833,Сургут,Кайтагский район,"Республика Дагестан, Кайтагский район, п. Первомайский",+7 (928) 539-80-50,,Гостиница,нет,,,,,,none,1
8,4 Гавани,Карабудахкентский район,"Республика Дагестан, Карабудахкентский район, 5-я линия, 204",+7 (989) 651-91-18,,"База, дом отдыха",нет,,,,,,none,1
1,?Caspian sunset,Карабудахкентский район,"Республика Дагестан, Карабудахкентский район, сельское поселение Манаскент, село Манаскент, Манасское взморье, 3-я Манаскентская улица, 24",+7 (928) 837-17-17,https://caspian-sunset.clients.site/,"База, дом отдыха",нет,,,,,,live,1
2,?Sunny Day House,Карабудахкентский район,"Республика Дагестан, Карабудахкентский район, хутор Турали 4-е",+7 (928) 977-70-70,https://sunny-day-house.clients.site/,"База, дом отдыха",нет,,,,,,live,1
25,Alone villa,Карабудахкентский район,"Республика Дагестан, Карабудахкентский район",,,Гостевой дом,нет,,,,,,none,1
33,Aqua Vita,Карабудахкентский район,"Республика Дагестан, Карабудахкентский район, хутор Турали 4-е, 2-я линия, 8Д",+7 (928) 866-50-05,,"База, дом отдыха",нет,,,,,,none,1
44,Aziz,Карабудахкентский район,"Республика Дагестан, Карабудахкентский район, хутор Турали 4-е, Жемчужная улица, 38",+7 (963) 400-34-87,,"База, дом отдыха",нет,,,,,,none,2
52,Baza Home,Карабудахкентский район,"Республика Дагестан, Карабудахкентский район, хутор Турали 4-е",+7 (961) 832-47-87,,Гостиница,нет,,,,,,none,1
56,Bellis Deluxe,Карабудахкентский район,"Республика Дагестан, Карабудахкентский район, кутан Турали 5-е, 325/36",+7 (926) 077-06-80,,Гостевой дом,нет,,,,,,none,1
60,Bigfam. house,Карабудахкентский район,"Республика Дагестан, Карабудахкентский район, хутор Турали 4-е, 7-я линия, 384",+7 (988) 202-86-86,,Гостевой дом,нет,,,,,,none,1
71,Casa Bella,Карабудахкентский район,"Республика Дагестан, Карабудахкентский район, территория 6-я Турали, Дагестанская улица, 12",+7 (926) 283-03-80,https://casa-bella-1720435630.clients.site/,"База, дом отдыха",нет,,,,,,live,1
73,Casa Mare,Карабудахкентский район,"Республика Дагестан, Карабудахкентский район, сельское поселение Манаскент, село Манаскент, Манасское взморье, улица Дружба, 4",+7 (988) 200-03-82,,Гостевой дом,нет,,,,,,none,2
75,Casa_de_More,Карабудахкентский район,"Республика Дагестан, Карабудахкентский район, Турали 7-е, 6-я линия, 29",+7 (988) 302-11-99,,"База, дом отдыха",нет,,,,,,none,1
76,Caspia villas,Карабудахкентский район,"Республика Дагестан, Карабудахкентский район","+7 (928) 676-19-30, +7 (928) 050-36-73",,Гостевой дом,нет,,,,,,none,1
77,Caspian Sea House,Карабудахкентский район,"Республика Дагестан, Карабудахкентский район, Турали 7-е, 6-я линия, 7",+7 (988) 691-32-32,,"База, дом отдыха",нет,,,,,,none,1
88,Continental,Карабудахкентский район,"Республика Дагестан, Карабудахкентский район, СНТ Приморский, 10-я линия, 101",+7 (966) 071-00-00,,"База, дом отдыха",нет,,,,,,none,1
104,Dengiz House,Карабудахкентский район,"Республика Дагестан, Карабудахкентский район, хутор Турали 4-е, Жемчужная улица, 4",+7 (928) 878-76-66,,"База, дом отдыха",нет,,,,,,none,1
110,Dolce Casa,Карабудахкентский район,"Республика Дагестан, Карабудахкентский район",,,Гостевой дом,нет,,,,,,none,1
111,Dom_more05,Карабудахкентский район,"Республика Дагестан, Карабудахкентский район, хутор Турали 4-е",+7 (988) 423-43-43,,"База, дом отдыха",нет,,,,,,none,1
115,Domiki manaskent,Карабудахкентский район,"Республика Дагестан, Карабудахкентский район, сельское поселение Манаскент, село Манаскент, улица И. Насрутдинова, 180",+7 (916) 367-96-67,,Гостевой дом,нет,,,,,,none,1
124,Etno Loft,Карабудахкентский район,"Республика Дагестан, Карабудахкентский район, хутор Турали 5-е, 76Б",+7 (989) 877-50-00,,"База, дом отдыха",нет,,,,,,none,1
131,Family Club,Карабудахкентский район,"Республика Дагестан, Карабудахкентский район, сельское поселение Зеленоморск, село Зеленоморск",+7 (906) 429-00-00,http://hotelfamilyclub.ru/,Гостиница,нет,,,,,,live,2
137,Family_house,Карабудахкентский район,"Республика Дагестан, Карабудахкентский район, хутор Турали 4-е, 15-я линия",+7 (988) 649-27-03,,"База, дом отдыха",нет,,,,,,none,3
138,Favorite house,Карабудахкентский район,"Республика Дагестан, Карабудахкентский район, хутор Турали 4-е",+7 (928) 524-39-44,,Гостевой дом,нет,,,,,,none,1
150,Gold House,Карабудахкентский район,"Республика Дагестан, Карабудахкентский район, 233/232,233",+7 (964) 009-67-77,,"База, дом отдыха",нет,,,,,,none,1
153,Gold Marina,Карабудахкентский район,"Республика Дагестан, Карабудахкентский район, село Зеленоморск, Зеленоморская улица, 1",,https://taplink.cc/goldmarina_house,Гостиница,нет,,,,,,live,1
155,Golden sea,Карабудахкентский район,"Республика Дагестан, Карабудахкентский район, хутор Турали 4-е, Жемчужная улица, 6",+7 (928) 870-60-14,,"Жильё посуточно, База, дом отдыха",нет,,,,,,none,1
161,Grace Sea,Карабудахкентский район,"Республика Дагестан, Карабудахкентский район, село Зеленоморск",+7 (963) 372-22-24,,Гостиница,нет,,,,,,none,1
165,Green sea,Карабудахкентский район,"Республика Дагестан, Карабудахкентский район, сельское поселение Зеленоморск, село Зеленоморск, Зеленоморская улица, 21",+7 (928) 872-55-22,https://green-sea.clients.site/,Гостевой дом,нет,,,,,,live,1
167,Grey House,Карабудахкентский район,"Республика Дагестан, Карабудахкентский район, хутор Турали 4-е, 4-я линия, 2",+7 (960) 411-36-10,,"Жильё посуточно, База, дом отдыха",нет,,,,,,none,1
176,Hayat Village,Карабудахкентский район,"Республика Дагестан, Карабудахкентский район, сельское поселение Манаскент, село Манаскент, Манасское взморье, К17",+7 (988) 203-04-04,https://hayat-hotel.ru/,"База, дом отдыха",нет,,,,,,live,1
178,Hill_house 05,Карабудахкентский район,"Республика Дагестан, Карабудахкентский район, село Манаскент, Манасское взморье",+7 (967) 407-60-22,,"База, дом отдыха",нет,,,,,,none,1
180,Hizan,Карабудахкентский район,"Республика Дагестан, Карабудахкентский район, хутор Турали 4-е",+7 (938) 888-83-25,,Гостевой дом,нет,,,,,,none,1
239,Luxor,Карабудахкентский район,"Республика Дагестан, Карабудахкентский район, село Зеленоморск",+7 (928) 941-56-66,,"База, дом отдыха",нет,,,,,,none,1
244,Manas Palace,Карабудахкентский район,"Республика Дагестан, Карабудахкентский район, село Манаскент, Манасское взморье",+7 (928) 063-70-07,,Турбаза,нет,,,,,,none,1
245,Mari Home,Карабудахкентский район,"Республика Дагестан, Карабудахкентский район, хутор Турали 4-е",+7 (960) 412-22-77,,"База, дом отдыха",нет,,,,,,none,1
249,Marriott Villa,Карабудахкентский район,"Республика Дагестан, Карабудахкентский район, хутор Турали 4-е, 3М",+7 (918) 737-45-55,,Гостевой дом,нет,,,,,,none,1
252,Mia beach apartment,Карабудахкентский район,"Республика Дагестан, Карабудахкентский район, кутан Турали 5-е, 75Б",+7 (963) 796-11-25,,"База, дом отдыха",нет,,,,,,none,1
253,Monteo Beach,Карабудахкентский район,"Республика Дагестан, Карабудахкентский район, Турали 7-е",+7 (999) 417-40-00,,"База, дом отдыха",нет,,,,,,none,1
256,More,Карабудахкентский район,"Республика Дагестан, Карабудахкентский район, село Зеленоморск",+7 (963) 404-53-96,https://kakdoma05.ru/,Гостевой дом,нет,,,,,,live,1
258,Motel,Карабудахкентский район,"Республика Дагестан, Карабудахкентский район, село Агачаул, садовое общество Агачаульский",+7 (989) 879-88-88,,Гостиница,нет,,,,,,none,1
265,Naberegy05,Карабудахкентский район,"Республика Дагестан, Карабудахкентский район, село Зеленоморск, 3-я Лазурная улица, 47",+7 (999) 310-91-40,,Гостиница,нет,,,,,,none,2
275,Oazis home,Карабудахкентский район,"Республика Дагестан, Карабудахкентский район",+7 (906) 481-05-06,,Гостевой дом,нет,,,,,,none,1
278,Oliva_Home,Карабудахкентский район,"Республика Дагестан, Карабудахкентский район, кутан Турали 5-е, 325/127",+7 (928) 048-40-80,,"База, дом отдыха",нет,,,,,,none,1
284,PapinDom,Карабудахкентский район,"Республика Дагестан, Карабудахкентский район",+7 (926) 137-09-29,,Гостевой дом,нет,,,,,,none,1
304,Rahat,Карабудахкентский район,"Республика Дагестан, Карабудахкентский район, сельское поселение Зеленоморск, село Зеленоморск",+7 (963) 421-96-96,https://kakdoma05.ru/,Гостиница,нет,,,,,,live,1
307,Real,Карабудахкентский район,"Республика Дагестан, Карабудахкентский район, СНТ Приморский, 11-я линия, 3",+7 (989) 870-85-53,,"База, дом отдыха",нет,,,,,,none,1
309,Red House,Карабудахкентский район,"Республика Дагестан, Карабудахкентский район, сельское поселение Зеленоморск, село Зеленоморск, 6-я Лазурная улица",,,Гостевой дом,нет,,,,,,none,1
325,Safar,Карабудахкентский район,"Республика Дагестан, Карабудахкентский район, хутор Турали 4-е, Жемчужная улица, 4",+7 (938) 798-15-77,,"База, дом отдыха",нет,,,,,,none,1
335,Scandinavia,Карабудахкентский район,"Республика Дагестан, Карабудахкентский район, хутор Турали 4-е, 4-я линия, 4",+7 (929) 868-64-64,,"База, дом отдыха",нет,,,,,,none,1
338,Sea Breeze,Карабудахкентский район,"Республика Дагестан, Карабудахкентский район, 8-я линия, 124","+7 (988) 200-03-02, +7 (960) 200-00-05",,"База, дом отдыха",нет,,,,,,none,1
341,Sea House,Карабудахкентский район,"Республика Дагестан, Карабудахкентский район, кутан Турали 5-е, 325/97б",+7 (928) 719-13-84,,Гостевой дом,нет,,,,,,none,2
353,Shalei,Карабудахкентский район,"Республика Дагестан, Карабудахкентский район, хутор Турали 4-е",+7 (929) 877-49-17,,"База, дом отдыха",нет,,,,,,none,1
356,Sky Villa,Карабудахкентский район,"Республика Дагестан, Карабудахкентский район, село Манаскент, Манасское взморье",+7 (989) 888-66-05,,"База, дом отдыха",нет,,,,,,none,1
360,Sol Beach House,Карабудахкентский район,"Республика Дагестан, Карабудахкентский район, Турали 5",+7 (909) 486-17-12,https://sol5.ru/,"База, дом отдыха",нет,,,,,,live,1
362,Solar House,Карабудахкентский район,"Республика Дагестан, Карабудахкентский район, хутор Турали 4-е",,,Гостиница,нет,,,,,,none,1
365,Solnce_moree,Карабудахкентский район,"Республика Дагестан, Карабудахкентский район, село Зеленоморск, Зеленоморская улица, 1",,,"База, дом отдыха",нет,,,,,,none,1
375,Sunny Beach,Карабудахкентский район,"Республика Дагестан, Карабудахкентский район, поселок Уллубиево",,,Гостиница,нет,,,,,,none,1
378,Sunrise,Карабудахкентский район,"Республика Дагестан, Карабудахкентский район, хутор Турали 4-е",+7 (928) 675-55-59,,"Жильё посуточно, База, дом отдыха",нет,,,,,,none,1
382,Sunsea Villa,Карабудахкентский район,"Республика Дагестан, Карабудахкентский район, хутор Турали 4-е",+7 (918) 846-14-14,,Гостевой дом,нет,,,,,,none,1
384,Sunset manas Домики у моря,Карабудахкентский район,"Республика Дагестан, Карабудахкентский район, сельское поселение Манаскент, село Манаскент",+7 (988) 776-69-77,,"База, дом отдыха",нет,,,,,,none,1
397,TuraliHouse,Карабудахкентский район,"Республика Дагестан, Карабудахкентский район, хутор Турали 4-е, 6-я линия, 4",+7 (926) 181-43-88,,"Гостиница, Гостевой дом",нет,,,,,,none,2
407,Villa,Карабудахкентский район,"Республика Дагестан, Карабудахкентский район, хутор Турали 4-е",+7 (928) 832-52-22,,"База, дом отдыха",нет,,,,,,none,1
408,Villa Caspia,Карабудахкентский район,"Республика Дагестан, Карабудахкентский район, Манасское взморье",+7 (928) 048-20-87,https://villa-caspia.clients.site/,Гостевой дом,нет,,,,,,live,1
411,Villa Fiesta,Карабудахкентский район,"Республика Дагестан, Карабудахкентский район, хутор Турали 4-е",+7 (993) 148-50-50,,"База, дом отдыха",нет,,,,,,none,1
421,WayKaspy,Карабудахкентский район,"Республика Дагестан, Карабудахкентский район, хутор Турали 4-е, 4-я линия, 205",+7 (939) 000-29-99,,"База, дом отдыха",нет,,,,,,none,1
423,Well Park,Карабудахкентский район,"Республика Дагестан, Карабудахкентский район, хутор Турали 4-е",+7 (963) 407-70-67,,Гостевой дом,нет,,,,,,none,2
429,Woodhouse,Карабудахкентский район,"Республика Дагестан, Карабудахкентский район, хутор Турали 4-е, 2-я линия",+7 (988) 222-88-70,,Гостевой дом,нет,,,,,,none,1
444,Авиаагрегат,Карабудахкентский район,"Республика Дагестан, Карабудахкентский район",,,"База, дом отдыха",нет,,,,,,none,1
445,Агачаул,Карабудахкентский район,"Республика Дагестан, Карабудахкентский район, село Агачаул, территория Насосной станции, улица 3-я Линия, 30",+7 (924) 077-76-77,https://makhachkala.dimpoisk.ru/catalog/item617499.html,"Мечеть, База, дом отдыха",нет,,,,,,live,1
456,Азур,Карабудахкентский район,"Республика Дагестан, Карабудахкентский район, село Уллубийаул, Набережная улица, 1А",,,Гостиница,нет,,,,,,none,1
459,Аквамарин,Карабудахкентский район,"Республика Дагестан, Карабудахкентский район, сельское поселение Зеленоморск, село Зеленоморск",,,"База, дом отдыха",нет,,,,,,none,1
465,Аксарай,Карабудахкентский район,"Республика Дагестан, Карабудахкентский район, сельское поселение Уллубийаул, село Уллубийаул, Набережная улица, 10",+7 (988) 205-15-51,https://taplink.cc/caspian_aksaray,Гостиница,нет,,,,,,live,1
466,Актер,Карабудахкентский район,"Республика Дагестан, Карабудахкентский район",,,"База, дом отдыха, Гостиница",нет,,,,,,none,1
479,Анжи,Карабудахкентский район,"Республика Дагестан, Карабудахкентский район, посёлок городского типа Манас",,,"База, дом отдыха",нет,,,,,,none,2
565,База отдыха Евро-дворик,Карабудахкентский район,"Республика Дагестан, Карабудахкентский район, сельское поселение Манаскент, село Манаскент, Манасское взморье",,,"База, дом отдыха",нет,,,,,,none,1
571,База отдыха Прибой 05,Карабудахкентский район,"Республика Дагестан, Карабудахкентский район",+7 (988) 779-13-14,,"База, дом отдыха",нет,,,,,,none,1
573,База отдыха у моря,Карабудахкентский район,"Республика Дагестан, Карабудахкентский район, Турали 7-е, Мраморная улица, 7",+7 (938) 204-44-47,,"База, дом отдыха",нет,,,,,,none,1
579,"База, дом отдыха",Карабудахкентский район,"Республика Дагестан, Карабудахкентский район, хутор Турали 4-е",+7 (928) 969-88-29,,"База, дом отдыха",нет,,,,,,none,1
584,Бала вилла,Карабудахкентский район,"Республика Дагестан, Карабудахкентский район, хутор Турали 4-е","+7 (928) 977-70-20, +7 (928) 523-75-74",https://bala-villa-kaspiy.clients.site/,Гостевой дом,нет,,,,,,live,1
588,Барзу,Карабудахкентский район,"Республика Дагестан, Карабудахкентский район, хутор Турали 4-е, 5",+7 (988) 780-70-26,https://barzu-1719425089.clients.site/,"База, дом отдыха",нет,,,,,,live,1
602,Берег,Карабудахкентский район,"Республика Дагестан, Карабудахкентский район, село Манаскент, Манасское взморье",+7 (967) 396-55-51,https://bereg-5-ja-linija.clients.site/,"База, дом отдыха",нет,,,,,,live,3
617,Бутран,Карабудахкентский район,"Республика Дагестан, Карабудахкентский район, Турали 7-е, 5-я линия, 3",+7 (925) 785-23-05,,Гостевой дом,нет,,,,,,none,1
618,Бутри,Карабудахкентский район,"Республика Дагестан, Карабудахкентский район, Р-217 Кавказ, 827-й километр, 1",+7 (988) 291-11-64,,Гостиница,нет,,,,,,none,1
620,Бюджетные Мальдивы,Карабудахкентский район,"Республика Дагестан, Карабудахкентский район, Турали 7-е, 6-я линия","+7 (928) 534-50-42, +7 (928) 981-75-72",,"База, дом отдыха",нет,,,,,,none,1
634,Веранда Вилла,Карабудахкентский район,"Республика Дагестан, Карабудахкентский район",+7 (928) 978-30-30,https://veranda-villa.clients.site/,Гостевой дом,нет,,,,,,live,1
637,Вершина каспия,Карабудахкентский район,"Республика Дагестан, Карабудахкентский район",,,"База, дом отдыха, Гостиница",нет,,,,,,none,1
642,Весна,Карабудахкентский район,"Республика Дагестан, Карабудахкентский район","+7 (989) 672-23-54, +7 (963) 400-77-84",http://invalid05.ru/,"База, дом отдыха",нет,,,,,,live,1
643,Вечерний Бриз,Карабудахкентский район,"Республика Дагестан, Карабудахкентский район, хутор Турали 4-е, Жемчужная улица",+7 (988) 788-88-84,,Гостевой дом,нет,,,,,,none,1
657,Вилла Жемчужина,Карабудахкентский район,"Республика Дагестан, Карабудахкентский район, хутор Турали 4-е, 16А",+7 (928) 590-46-09,,"Жильё посуточно, База, дом отдыха",нет,,,,,,none,1
658,Вилла Маяк,Карабудахкентский район,"Республика Дагестан, Карабудахкентский район, хутор Турали 4-е",+7 (964) 022-51-31,https://villa-mayak.ru/,"База, дом отдыха",нет,,,,,,live,1
668,Волна уюта,Карабудахкентский район,"Республика Дагестан, Карабудахкентский район, Турали 7-е, 4-я линия, 7",+7 (938) 654-00-05,https://volna-ujuta.clients.site/,Гостевой дом,нет,,,,,,live,1
675,Время года,Карабудахкентский район,"Республика Дагестан, Карабудахкентский район, хутор Турали 4-е, 7-я линия, 47",+7 (986) 221-11-13,,"База, дом отдыха",нет,,,,,,none,1
697,Глоток воздуха,Карабудахкентский район,"Республика Дагестан, Карабудахкентский район, село Зеленоморск",+7 (988) 692-25-25,,Гостиница,нет,,,,,,none,1
709,Горизонт,Карабудахкентский район,"Республика Дагестан, Карабудахкентский район, сельское поселение Зеленоморск, село Зеленоморск",+7 (989) 440-10-38,,Гостевой дом,нет,,,,,,none,1
728,Гостевой дом,Карабудахкентский район,"Республика Дагестан, Карабудахкентский район",+7 (988) 212-38-38,,"База, дом отдыха",нет,,,,,,none,2
731,Гостевой дом,Карабудахкентский район,"Республика Дагестан, Карабудахкентский район, село Манаскент, Манасское взморье",+7 (928) 979-62-46,https://kottedzhi-u-morja-1676039064.clients.site/,Гостевой дом,нет,,,,,,live,1
763,Гостевой дом,Карабудахкентский район,"Республика Дагестан, Карабудахкентский район, Турали 7-е",+7 (928) 868-22-99,https://gostevoj-dom-1743590669.clients.site/,Гостевой дом,нет,,,,,,live,1
776,Гостевой дом,Карабудахкентский район,"Республика Дагестан, Карабудахкентский район, село Манаскент, Манасское взморье",+7 (921) 848-79-03,,"Гостевой дом, Гостиница",нет,,,,,,none,1
778,Гостевой дом,Карабудахкентский район,"Республика Дагестан, Карабудахкентский район, хутор Турали 4-е, 2-я линия, 5",+7 (906) 447-83-34,,Гостевой дом,нет,,,,,,none,1
783,Гостевой дом,Карабудахкентский район,"Республика Дагестан, Карабудахкентский район, сельское поселение Зеленоморск, село Зеленоморск, улица 2-я Лазурная, 1","+7 (931) 212-22-22, +7 (931) 312-22-22",,Гостевой дом,нет,,,,,,none,1
799,Гостевой дом,Карабудахкентский район,"Республика Дагестан, Карабудахкентский район",+7 (989) 893-61-21,,Гостевой дом,нет,,,,,,none,1
803,Гостевой дом,Карабудахкентский район,"Республика Дагестан, Карабудахкентский район, сельское поселение Зеленоморск, село Зеленоморск, 6-я Лазурная улица",+7 (920) 331-32-33,,Гостевой дом,нет,,,,,,none,1
822,Гостевой дом Milan House,Карабудахкентский район,"Республика Дагестан, Карабудахкентский район, кутан Турали 5-е, 325/67","+7 (928) 566-96-66, +7 (928) 566-96-66",,Гостевой дом,нет,,,,,,none,1
826,Гостевой дом Silza,Карабудахкентский район,"Республика Дагестан, Карабудахкентский район, хутор Турали 4-е, Жемчужная улица, 22","+7 (960) 421-88-68, +7 (960) 421-88-60",,Гостевой дом,нет,,,,,,none,1
855,Гостевой дом Двенадцатиместный у Моря,Карабудахкентский район,"Республика Дагестан, Карабудахкентский район, село Зеленоморск, Зеленоморская улица",+7 (909) 479-73-73,,"Гостевой дом, Гостиница",нет,,,,,,none,1
865,Гостевой дом Лагуна,Карабудахкентский район,"Республика Дагестан, Карабудахкентский район",,,Гостевой дом,нет,,,,,,none,1
1039,Гостиничный двор,Карабудахкентский район,"Республика Дагестан, Карабудахкентский район, село Манаскент",+7 (903) 477-74-49,https://makhachkala.dimpoisk.ru/catalog/item635438.html,Гостиница,нет,,,,,,live,1
1060,Гуниб,Карабудахкентский район,"Республика Дагестан, Карабудахкентский район, село Зеленоморск",+7 (967) 394-40-00,,"База, дом отдыха",нет,,,,,,none,1
1078,Дача. 45,Карабудахкентский район,"Республика Дагестан, Карабудахкентский район",+7 (928) 681-99-97,,"База, дом отдыха",нет,,,,,,none,1
1093,Деревянные дома у моря,Карабудахкентский район,"Республика Дагестан, Карабудахкентский район, село Зеленоморск, улица Прибрежные базы, 24/4","+7 (925) 666-19-47, +7 (928) 574-28-28",,"База, дом отдыха",нет,,,,,,none,2
1094,Деревянные домики,Карабудахкентский район,"Республика Дагестан, Карабудахкентский район",+7 (965) 074-05-56,,Гостевой дом,нет,,,,,,none,1
1108,Дом 2024,Карабудахкентский район,"Республика Дагестан, Карабудахкентский район, хутор Турали 4-е, 2-я линия, 6",+7 (928) 046-60-92,,"База, дом отдыха",нет,,,,,,none,1
1119,Дом на берегу,Карабудахкентский район,"Республика Дагестан, Карабудахкентский район, сельское поселение Зеленоморск, село Зеленоморск, Набережная улица",+7 (977) 071-33-33,,"База, дом отдыха",нет,,,,,,none,2
1124,Дом на набережной,Карабудахкентский район,"Республика Дагестан, Карабудахкентский район, сельское поселение Уллубийаул, село Уллубийаул, Набережная улица, 10Д",+7 (922) 066-65-62,,"База, дом отдыха",нет,,,,,,none,1
1126,Дом на пляже,Карабудахкентский район,"Республика Дагестан, Карабудахкентский район",+7 (928) 555-54-60,,"База, дом отдыха",нет,,,,,,none,1
1146,Дом отдыха № 1,Карабудахкентский район,"Республика Дагестан, Карабудахкентский район",+7 (988) 206-29-28,,"База, дом отдыха",нет,,,,,,none,1
1152,Дом у моря,Карабудахкентский район,"Республика Дагестан, Карабудахкентский район, 1-линия",+7 (988) 215-69-00,,Гостевой дом,нет,,,,,,none,1
1161,Дом у моря,Карабудахкентский район,"Республика Дагестан, Карабудахкентский район, хутор Турали 4-е, 5/1Б",+7 (928) 046-51-01,,"База, дом отдыха",нет,,,,,,none,1
1172,Дом у моря,Карабудахкентский район,"Республика Дагестан, Карабудахкентский район, СНТ Приморский, 11-я линия",+7 (903) 480-00-99,,Гостевой дом,нет,,,,,,none,2
1178,Дом у моря,Карабудахкентский район,"Республика Дагестан, Карабудахкентский район, сельское поселение Зеленоморск, село Зеленоморск",+7 (964) 003-91-49,,Гостевой дом,нет,,,,,,none,1
1194,Дома у моря,Карабудахкентский район,"Республика Дагестан, Карабудахкентский район, Турали 7-е, 4-я линия, 10",+7 (928) 677-76-87,,"База, дом отдыха",нет,,,,,,none,1
1196,Дома у моря 05,Карабудахкентский район,"Республика Дагестан, Карабудахкентский район, кутан Турали 5-е, 325/97б",+7 (961) 433-33-31,,"База, дом отдыха",нет,,,,,,none,1
1198,Дома у моря Riviera,Карабудахкентский район,"Республика Дагестан, Карабудахкентский район, хутор Турали 4-е",+7 (928) 566-44-95,,Гостиница,нет,,,,,,none,1
1219,Домик у Моря,Карабудахкентский район,"Республика Дагестан, Карабудахкентский район, 5-я линия, 202",+7 (964) 016-38-74,,Гостевой дом,нет,,,,,,none,1
1222,Домик у моря,Карабудахкентский район,"Республика Дагестан, Карабудахкентский район, село Зеленоморск, улица Прибрежные базы, 47",+7 (966) 180-99-99,,"База, дом отдыха",нет,,,,,,none,1
1231,Домик у моря 05,Карабудахкентский район,"Республика Дагестан, Карабудахкентский район, село Зеленоморск",+7 (964) 022-99-11,,Гостевой дом,нет,,,,,,none,1
1247,Домики с бассейном,Карабудахкентский район,"Республика Дагестан, Карабудахкентский район, Турали 7-е, 5-я линия, 13",+7 (928) 568-33-33,,Гостевой дом,нет,,,,,,none,1
1271,Жасмин,Карабудахкентский район,"Республика Дагестан, Карабудахкентский район, кутан Турали 5-е",,,Гостиница,нет,,,,,,none,2
1274,Жемчужина,Карабудахкентский район,"Республика Дагестан, Карабудахкентский район","+7 (989) 489-24-43, +7 (989) 665-28-88",,"Жильё посуточно, База, дом отдыха",нет,,,,,,none,2
1279,Жемчужина Каспия,Карабудахкентский район,"Республика Дагестан, Карабудахкентский район, сельское поселение Манаскент, село Манаскент, Манасское взморье, 3-я Манаскентская улица","+7 (922) 211-13-88, +7 (929) 870-93-36",,"База, дом отдыха",нет,,,,,,none,1
1295,Загородный оазис,Карабудахкентский район,"Республика Дагестан, Карабудахкентский район",+7 (905) 843-33-35,,"База, дом отдыха",нет,,,,,,none,1
1303,Золотая Миля,Карабудахкентский район,"Республика Дагестан, Карабудахкентский район",,,Гостевой дом,нет,,,,,,none,1
1306,Золотой берег 05,Карабудахкентский район,"Республика Дагестан, Карабудахкентский район",+7 (928) 577-72-72,,"База, дом отдыха",нет,,,,,,none,1
1307,Золотой закат,Карабудахкентский район,"Республика Дагестан, Карабудахкентский район, село Зеленоморск","+7 (928) 590-08-08, +7 (928) 532-25-12, +7 (928) 565-50-02",,"База, дом отдыха",нет,,,,,,none,1
1324,Казбек Манас,Карабудахкентский район,"Республика Дагестан, Карабудахкентский район",,,Турбаза,нет,,,,,,none,1
1353,Как дома 05 в Зеленоморске,Карабудахкентский район,"Республика Дагестан, Карабудахкентский район, сельское поселение Зеленоморск, село Зеленоморск",,,Гостиница,нет,,,,,,none,1
1378,Каспий хаус,Карабудахкентский район,"Республика Дагестан, Карабудахкентский район, хутор Турали 4-е, 4-я линия, 203",+7 (988) 644-00-93,https://kaspiy-house.clients.site/,"База, дом отдыха",нет,,,,,,live,1
1406,Кипарис,Карабудахкентский район,"Республика Дагестан, Карабудахкентский район, село Зеленоморск",+7 (988) 295-67-51,,"База, дом отдыха",нет,,,,,,none,1
1422,Коттедж,Карабудахкентский район,"Республика Дагестан, Карабудахкентский район, Турали 7-е, Мраморная улица",,,"База, дом отдыха",нет,,,,,,none,1
1442,Красный якорь,Карабудахкентский район,"Республика Дагестан, Карабудахкентский район, хутор Турали 4-е",+7 (988) 778-29-36,,"База, дом отдыха",нет,,,,,,none,1
1443,Крёз,Карабудахкентский район,"Республика Дагестан, Карабудахкентский район, сельское поселение Уллубийаул",,,"База, дом отдыха",нет,,,,,,none,1
1456,Курортный дом,Карабудахкентский район,"Республика Дагестан, Карабудахкентский район",,,Гостевой дом,нет,,,,,,none,1
1466,Лазурный Каспий,Карабудахкентский район,"Республика Дагестан, Карабудахкентский район",+7 (960) 412-77-66,,Гостиница,нет,,,,,,none,1
1467,Лазурный Маяк,Карабудахкентский район,"Республика Дагестан, Карабудахкентский район, Турали 7-е, 6-я линия, 7","+7 (915) 926-66-66, +7 (960) 421-51-54",https://lazurnyj-majak.clients.site/,"База, дом отдыха",нет,,,,,,live,1
1468,Лайт Хаус,Карабудахкентский район,"Республика Дагестан, Карабудахкентский район, сельское поселение Зеленоморск, село Зеленоморск, Спортивная улица",+7 (965) 411-15-55,https://маяк05.рф/,Гостиница,нет,,,,,,live,2
1473,Леззет,Карабудахкентский район,"Республика Дагестан, Карабудахкентский район, сельское поселение Манаскент, село Манаскент, улица И. Насрутдинова, 180, корп. 4","+7 (928) 986-82-21, +7 (988) 206-10-50, +7 (989) 879-13-40",,Санаторий,нет,С052025000378,"Общество с ограниченной ответственностью ""Санаторий ""Леззет""",Архивный,0522012262,1020501301985,none,2
1481,Лигурия,Карабудахкентский район,"Республика Дагестан, Карабудахкентский район, хутор Турали 4-е","+7 (903) 477-99-00, +7 (964) 023-09-73",,Гостевой дом,нет,,,,,,none,1
1498,Манас,Карабудахкентский район,"Республика Дагестан, Карабудахкентский район",,,"Турбаза, База, дом отдыха",нет,,,,,,none,1
1507,Маяк,Карабудахкентский район,"Республика Дагестан, Карабудахкентский район, поселок Уллубиево",+7 (989) 661-00-43,,"База, дом отдыха, Гостиница",нет,,,,,,none,2
1509,Маяк Каспия,Карабудахкентский район,"Республика Дагестан, Карабудахкентский район, хутор Турали 4-е",+7 (928) 876-00-03,,"База, дом отдыха",нет,,,,,,none,1
1517,Меридиан,Карабудахкентский район,"Республика Дагестан, Карабудахкентский район, 8-я линия, 150",+7 (988) 442-42-80,,"База, дом отдыха",нет,,,,,,none,1
1522,Миг,Карабудахкентский район,"Республика Дагестан, Карабудахкентский район",+7 (928) 581-05-01,,"База, дом отдыха",нет,,,,,,none,1
1536,Мой Дагестан,Карабудахкентский район,"Республика Дагестан, Карабудахкентский район, 3-я линия, 47",+7 (900) 472-22-22,https://moj-dagestan.clients.site/,"База, дом отдыха",нет,,,,,,live,1
1545,Морская Бухта,Карабудахкентский район,"Республика Дагестан, Карабудахкентский район, сельское поселение Манаскент, село Манаскент, Манасское взморье",+7 (928) 670-34-34,https://morskaja-buhta-1685808803.clients.site/,"База, дом отдыха",нет,,,,,,live,1
1551,Морская сказка,Карабудахкентский район,"Республика Дагестан, Карабудахкентский район, хутор Турали 4-е",+7 (988) 780-99-73,https://makhachkala.dimpoisk.ru/catalog/item646601.html,"База, дом отдыха",нет,,,,,,live,1
1566,Моя семья,Карабудахкентский район,"Республика Дагестан, Карабудахкентский район, 5-я линия, 1",+7 (903) 423-33-39,https://moja-semja-5-ja-linija.clients.site/,"База, дом отдыха",нет,,,,,,live,1
1578,На Волне,Карабудахкентский район,"Республика Дагестан, Карабудахкентский район, село Зеленоморск, Зеленоморская улица, 26",+7 (988) 450-88-00,,Гостевой дом,нет,,,,,,none,1
1584,Надежда,Карабудахкентский район,"Республика Дагестан, Карабудахкентский район, сельское поселение Манаскент, село Манаскент, Манасское взморье",,,"База, дом отдыха",нет,,,,,,none,2
1603,Оазис Тур,Карабудахкентский район,"Республика Дагестан, Карабудахкентский район, хутор Турали 4-е, 7-я линия, 6Д",+7 (928) 871-70-81,,"База, дом отдыха",нет,,,,,,none,1
1659,Парус,Карабудахкентский район,"Республика Дагестан, Карабудахкентский район, сельское поселение Зеленоморск, село Зеленоморск, Зеленоморская улица, 13Б",+7 (928) 525-16-61,https://taplink.cc/sanatoriy_parus,Санаторий,нет,,,,,,live,3
1663,Парусник,Карабудахкентский район,"Республика Дагестан, Карабудахкентский район, сельское поселение Манаскент, село Манаскент, Манасское взморье",+7 (928) 512-06-68,,"База, дом отдыха",нет,,,,,,none,1
1670,Песчанный мыс,Карабудахкентский район,"Республика Дагестан, Карабудахкентский район, 1-линия",+7 (989) 883-84-20,,Гостевой дом,нет,,,,,,none,1
1673,Пляжный дом,Карабудахкентский район,"Республика Дагестан, Карабудахкентский район, Турали 7-е, 5-я линия","+7 (920) 000-47-47, +7 (928) 505-66-22",,"База, дом отдыха",нет,,,,,,none,1
1676,Полет,Карабудахкентский район,"Республика Дагестан, Карабудахкентский район",,,Турбаза,нет,,,,,,none,1
1678,Политехник,Карабудахкентский район,"Республика Дагестан, Карабудахкентский район, сельское поселение Манаскент, село Манаскент, Манасское взморье",,,"База, дом отдыха",нет,,,,,,none,1
1693,Причал,Карабудахкентский район,"Республика Дагестан, Карабудахкентский район, городское поселение Манас, посёлок городского типа Манас, 1/2",+7 (928) 502-14-44,http://hotel-prichal05.ru/,Гостиница,нет,,,,,,live,1
1702,Райский уголок,Карабудахкентский район,"Республика Дагестан, Карабудахкентский район, сельское поселение Манаскент, село Манаскент, Манасское взморье",,,"База, дом отдыха",нет,,,,,,none,1
1705,Ракушка,Карабудахкентский район,"Республика Дагестан, Карабудахкентский район, сельское поселение Зеленоморск, село Зеленоморск, улица 2-я Лазурная, 29",,,Гостиница,нет,,,,,,none,1
1717,Рахатный дом,Карабудахкентский район,"Республика Дагестан, Карабудахкентский район, Турали 7-е, 4-я линия, 7",+7 (928) 565-79-76,,Гостевой дом,нет,,,,,,none,1
1760,"Санаторий Каспий, корпус № 1",Карабудахкентский район,"Республика Дагестан, Карабудахкентский район",,,"Инфраструктура отдыха, Санаторий",нет,,,,,,none,1
1761,"Санаторий Каспий, корпус № 2",Карабудахкентский район,"Республика Дагестан, Карабудахкентский район",,,"Инфраструктура отдыха, Санаторий",нет,,,,,,none,1
1762,"Санаторий Каспий, корпус № 4",Карабудахкентский район,"Республика Дагестан, Карабудахкентский район",,,"Инфраструктура отдыха, Санаторий",нет,,,,,,none,1
1788,Семейный Берег,Карабудахкентский район,"Республика Дагестан, Карабудахкентский район, хутор Турали 4-е",+7 (928) 833-35-08,,"База, дом отдыха",нет,,,,,,none,1
1792,Семейный домик у моря,Карабудахкентский район,"Республика Дагестан, Карабудахкентский район, Манасское взморье",+7 (989) 891-40-12,,"База, дом отдыха",нет,,,,,,none,1
1811,Солнечный,Карабудахкентский район,"Республика Дагестан, Карабудахкентский район, село Зеленоморск, улица Прибрежные базы, 136/2","+7 (928) 838-88-12, +7 (989) 899-72-22",,Гостевой дом,нет,,,,,,none,1
1812,Солнечный пляж,Карабудахкентский район,"Республика Дагестан, Карабудахкентский район",+7 (961) 832-05-05,https://sunnybeach05.ru/,Турбаза,нет,,,,,,live,1
1820,Стальная гавань,Карабудахкентский район,"Республика Дагестан, Карабудахкентский район, село Зеленоморск, Зеленоморская улица, 12",+7 (909) 478-88-81,http://stalnaja-gavan.clients.site/,"База, дом отдыха",нет,,,,,,live,1
1824,Старый Каспий,Карабудахкентский район,"Республика Дагестан, Карабудахкентский район, хутор Турали 4-е",+7 (925) 073-01-11,,"База, дом отдыха",нет,,,,,,none,1
1828,Стеклопласт,Карабудахкентский район,"Республика Дагестан, Карабудахкентский район",,,"База, дом отдыха",нет,,,,,,none,1
1831,Султанский Дом,Карабудахкентский район,"Республика Дагестан, Карабудахкентский район, хутор Турали 4-е, Жемчужная улица",+7 (989) 872-95-96,,"База, дом отдыха",нет,,,,,,none,1
1845,Тархиб,Карабудахкентский район,"Республика Дагестан, Карабудахкентский район",+7 (903) 499-50-05,,Турбаза,нет,,,,,,none,1
1848,Терем,Карабудахкентский район,"Республика Дагестан, Карабудахкентский район, сельское поселение Манаскент, село Манаскент, Манасское взморье, К22",+7 (988) 422-50-50,https://terem-05.clients.site/,Гостевой дом,нет,,,,,,live,3
1851,Теремок,Карабудахкентский район,"Республика Дагестан, Карабудахкентский район",+7 (928) 808-08-00,https://makhachkala.dimpoisk.ru/catalog/item646366.html,"База, дом отдыха",нет,,,,,,live,1
1861,Тихий Уголок,Карабудахкентский район,"Республика Дагестан, Карабудахкентский район, село Зеленоморск",+7 (928) 224-16-39,,Турбаза,нет,,,,,,none,1
1872,Турали 5,Карабудахкентский район,"Республика Дагестан, Карабудахкентский район, кутан Турали 5-е, 77Б",+7 (961) 837-49-99,,"База, дом отдыха",нет,,,,,,none,1
1954,Фазенда,Карабудахкентский район,"Республика Дагестан, Карабудахкентский район, село Зеленоморск","+7 (967) 202-23-01, +7 (989) 877-00-10",,"База, дом отдыха",нет,,,,,,none,1
2115,Юг,Карабудахкентский район,"Республика Дагестан, Карабудахкентский район, село Манаскент, Манасское взморье","+7 (988) 261-45-45, +7 (929) 966-04-94",https://vk.link/dagtour24,Гостевой дом,нет,,,,,,live,1
19,Air Hostel,Каспийск,"Республика Дагестан, Каспийск, улица Орджоникидзе, 27",+7 (989) 892-48-84,https://taplink.cc/air_hostel,Хостел,нет,,,,,,live,1
42,Azimut 05,Каспийск,"Республика Дагестан, Каспийск, улица Усманилаева, 92",,,Гостиница,нет,,,,,,none,1
84,City,Каспийск,"Республика Дагестан, Каспийск, улица Ленина, 51В",,,Гостиница,нет,,,,,,none,1
100,Dagestan hotel,Каспийск,"Республика Дагестан, Каспийск, Трудовая улица, 11А",+7 (905) 006-06-98,,"База, дом отдыха",нет,,,,,,none,1
370,Summit,Каспийск,"Республика Дагестан, Каспийск, улица Михаила Ломоносова, 24",+7 (932) 022-63-63,,Гостиница,нет,,,,,,none,1
390,Terrace,Каспийск,"Республика Дагестан, Каспийск, проспект М. Омарова, 6",,,Гостиница,нет,,,,,,none,1
395,Traveler,Каспийск,"Республика Дагестан, Каспийск, улица Мира, 3",,,Гостиница,нет,,,,,,none,1
486,Апарт-отель Sundag в Каспийске,Каспийск,"Республика Дагестан, Каспийск, улица Магомедали Магомеджановa, 4",+7 (928) 288-00-88,,Гостиница,нет,,,,,,none,1
488,Апарт-Отель Апарт ru с Видом на Море,Каспийск,"Республика Дагестан, Каспийск, улица М. Халилова, 30",+7 (988) 295-45-45,,"Гостиница, Апартаменты",нет,,,,,,none,1
501,Апартаменты Единственная Студия с Террасой в Каспийске,Каспийск,"Республика Дагестан, Каспийск, Махачкалинская улица, 60А",+7 (928) 532-83-17,,"Жильё посуточно, Гостиница",нет,,,,,,none,1
929,Гостевой дом Элегантный дом у моря,Каспийск,"Республика Дагестан, Каспийск, Коттеджная улица, 4",,,"Гостевой дом, Гостиница",нет,,,,,,none,1
976,Гостиница,Каспийск,"Республика Дагестан, Каспийск, улица Амет-хан Султана, 122",+7 (928) 277-99-00,,Гостиница,нет,,,,,,none,1
1114,Дом в каспийске,Каспийск,"Республика Дагестан, Каспийск, проспект Имама Шамиля, 16",+7 (999) 477-00-10,,"База, дом отдыха",нет,,,,,,none,1
1284,Жилое помещение Galim,Каспийск,"Республика Дагестан, Каспийск, улица Ленина, 96",+7 (988) 647-85-35,,"Жильё посуточно, Гостиница",нет,,,,,,none,1
1342,Как Дома 05,Каспийск,"Республика Дагестан, Каспийск, микрорайон Кемпинг, улица Магомедали Магомедова, 29",+7 (929) 877-14-67,https://kakdoma05.ru/,Гостиница,нет,,,,,,live,26
1379,Каспийский уют,Каспийск,"Республика Дагестан, Каспийск, проспект М. Омарова, 7",+7 (928) 515-66-99,,Гостиница,нет,,,,,,none,1
1407,Кит апарт-отель,Каспийск,"Республика Дагестан, Каспийск, 2-я линия, 56","+7 (928) 509-99-56, +7 (928) 511-17-55",https://hotel-kit.ru/,Гостиница,нет,,,,,,live,1
1491,Макс,Каспийск,"Республика Дагестан, Каспийск, улица Амет-хан Султана, 6",+7 (989) 768-97-91,,Гостиница,нет,,,,,,none,1
1533,Многонеба,Каспийск,"Республика Дагестан, Каспийск, улица М. Халилова, 44А",+7 (928) 539-47-17,https://mnogoneba.com/,Гостиница,нет,,,,,,live,1
1573,Мучари,Каспийск,"Республика Дагестан, Каспийск, Махачкалинская улица, 62",+7 (960) 408-14-33,https://muchari-mahachkalinskaja-ulitsa.clients.site/,Гостиница,нет,,,,,,live,1
1581,На Озере,Каспийск,"Республика Дагестан, Каспийск, улица Николая Гоголя, 4",+7 (989) 450-33-33,https://na-ozere-ulitsa-nikolaja-gogolja.clients.site/,Гостиница,нет,,,,,,live,1
1599,Оазис,Каспийск,"Республика Дагестан, Каспийск, Приморская улица, 16",,,Гостиница,нет,,,,,,none,1
1654,Пансионат Наука,Каспийск,"Республика Дагестан, Каспийск, проспект Акулиничева, 24",+7 (906) 446-05-05,,"База, дом отдыха",нет,,,,,,none,1
1683,Престиж,Каспийск,"Республика Дагестан, Каспийск, Коттеджная улица, 10А",,,Гостиница,нет,,,,,,none,1
1735,Ругери,Каспийск,"Республика Дагестан, Каспийск, Кавказская улица, 31",+7 (963) 406-75-93,,Гостиница,нет,,,,,,none,1
1779,Сдается Женскому Полу,Каспийск,"Республика Дагестан, Каспийск, улица Усманилаева, 92",+7 (928) 551-80-10,,Гостиница,нет,,,,,,none,1
1818,СССР,Каспийск,"Республика Дагестан, Каспийск, микрорайон Кемпинг, улица Магомедали Магомедова, 27","+7 (928) 218-68-88, +7 (928) 835-21-61",,Хостел,нет,,,,,,none,1
1899,У Летифа,Каспийск,"Республика Дагестан, Каспийск, Пригородная улица, 5",+7 (989) 486-01-58,,Гостиница,нет,,,,,,none,1
1945,Уютная мансарда,Каспийск,"Республика Дагестан, Каспийск, Молодёжная улица, 8",+7 (928) 062-15-83,,Гостиница,нет,,,,,,none,1
1965,Фрегат,Каспийск,"Республика Дагестан, Каспийск, микрорайон Центральный, 2",,,"База, дом отдыха",нет,,,,,,none,1
2090,Эленика,Каспийск,"Республика Дагестан, Каспийск, улица Магомедали Магомеджановa, 31А",,,Гостиница,нет,,,,,,none,1
2092,Эленика,Каспийск,"Республика Дагестан, Каспийск, Молодёжная улица, 1",,,Гостиница,нет,,,,,,none,1
2105,Этно Хостел,Каспийск,"Республика Дагестан, Каспийск, улица Амет-хан Султана, 57",+7 (988) 293-31-32,https://hosteletno.ru/,Хостел,нет,,,,,,live,1
32,Aqua,Каякентский район,"Республика Дагестан, Каякентский район, село Инчхе",+7 (928) 561-51-07,,Гостевой дом,нет,,,,,,none,1
39,Aura home,Каякентский район,"Республика Дагестан, Каякентский район, сельское поселение Первомайское, село Первомайское, Морская улица, 69",+7 (928) 516-53-13,,Гостевой дом,нет,,,,,,none,1
45,Azure Home,Каякентский район,"Республика Дагестан, Каякентский район, село Новокаякент, Приморская улица, 2/4",+7 (965) 492-77-77,,Гостевой дом,нет,,,,,,none,1
46,Azure House,Каякентский район,"Республика Дагестан, Каякентский район, село Новокаякент, Приморская улица",+7 (967) 939-11-11,https://azure-house.clients.site/,"База, дом отдыха",нет,,,,,,live,2
48,Azzurro Villa,Каякентский район,"Республика Дагестан, Каякентский район",+7 (926) 552-88-55,,"База, дом отдыха",нет,,,,,,none,1
49,Baga_600,Каякентский район,"Республика Дагестан, Каякентский район",+7 (910) 233-99-99,,"База, дом отдыха",нет,,,,,,none,1
55,Beach_house,Каякентский район,"Республика Дагестан, Каякентский район, сельсовет Новокаякентский",+7 (964) 008-00-77,,"База, дом отдыха",нет,,,,,,none,1
65,Brise de mer,Каякентский район,"Республика Дагестан, Каякентский район, сельсовет Новокаякентский, село Инчхе",+7 (963) 371-15-79,https://makhachkala.dimpoisk.ru/catalog/item584121.html,"База, дом отдыха",нет,,,,,,live,1
89,Coral Home,Каякентский район,"Республика Дагестан, Каякентский район, сельсовет Новокаякентский, село Инчхе, Морская улица, 54",+7 (960) 414-99-93,https://coral-home.clients.site/,Гостевой дом,нет,,,,,,live,1
127,Fairy home,Каякентский район,"Республика Дагестан, Каякентский район, сельское поселение Первомайское, село Первомайское, Песчаная улица, 26",+7 (989) 890-87-55,,"База, дом отдыха",нет,,,,,,none,2
136,Family Villa,Каякентский район,"Республика Дагестан, Каякентский район, село Новокаякент, Приморская улица, 2/5А","+7 (967) 931-76-38, +7 (964) 012-17-45",https://family-villa-otel.clients.site/,Гостевой дом,нет,,,,,,live,1
143,Freedom,Каякентский район,"Республика Дагестан, Каякентский район, сельсовет Новокаякентский",+7 (963) 400-00-81,,Гостевой дом,нет,,,,,,none,1
218,Kamali_village,Каякентский район,"Республика Дагестан, Каякентский район, село Новокаякент, Приморская улица",+7 (918) 193-95-50,,"База, дом отдыха",нет,,,,,,none,1
248,Marinus,Каякентский район,"Республика Дагестан, Каякентский район, сельсовет Новокаякентский, село Инчхе",+7 (928) 511-88-31,,Гостевой дом,нет,,,,,,none,1
263,Murad,Каякентский район,"Республика Дагестан, Каякентский район, село Первомайское",,,"База, дом отдыха",нет,,,,,,none,1
283,Palmahouse05,Каякентский район,"Республика Дагестан, Каякентский район, Песчаная улица, 24",+7 (964) 006-30-60,,"База, дом отдыха",нет,,,,,,none,1
287,Paradise,Каякентский район,"Республика Дагестан, Каякентский район, сельсовет Новокаякентский",+7 (928) 503-57-50,,"База, дом отдыха",нет,,,,,,none,2
290,Place,Каякентский район,"Республика Дагестан, Каякентский район, сельское поселение Первомайское, село Первомайское, Морская улица, 55",+7 (909) 480-69-90,,Гостевой дом,нет,,,,,,none,2
298,Prosto u morya,Каякентский район,"Республика Дагестан, Каякентский район, сельсовет Новокаякентский, село Инчхе, Морская улица, 2А",+7 (964) 052-55-50,,"База, дом отдыха",нет,,,,,,none,1
303,Ragm,Каякентский район,"Республика Дагестан, Каякентский район",+7 (965) 494-46-64,,Гостевой дом,нет,,,,,,none,1
305,RaiKey House,Каякентский район,"Республика Дагестан, Каякентский район, село Новокаякент, улица Дружбы, 46",+7 (963) 237-03-33,,Гостевой дом,нет,,,,,,none,1
315,Rich House,Каякентский район,"Республика Дагестан, Каякентский район",+7 (963) 371-88-19,,"База, дом отдыха",нет,,,,,,none,1
329,Santorini,Каякентский район,"Республика Дагестан, Каякентский район, село Новокаякент, Приморская улица, 2",,,Гостиница,нет,,,,,,none,1
344,Sea Villa,Каякентский район,"Республика Дагестан, Каякентский район",+7 (967) 940-00-90,,"База, дом отдыха",нет,,,,,,none,1
347,Sea-Village Dion,Каякентский район,"Республика Дагестан, Каякентский район, сельсовет Новокаякентский, село Инчхе, Морская улица, 2А",+7 (938) 795-33-13,,Гостевой дом,нет,,,,,,none,1
345,Sea_inch,Каякентский район,"Республика Дагестан, Каякентский район, сельсовет Новокаякентский, село Инчхе",+7 (960) 419-47-47,,"База, дом отдыха",нет,,,,,,none,1
348,Seahome,Каякентский район,"Республика Дагестан, Каякентский район, сельсовет Новокаякентский, 1",+7 (963) 416-77-77,,Гостевой дом,нет,,,,,,none,1
349,SeaHouse,Каякентский район,"Республика Дагестан, Каякентский район, сельское поселение Первомайское, село Первомайское, Морская улица, 18",,,Гостиница,нет,,,,,,none,1
357,Skyline,Каякентский район,"Республика Дагестан, Каякентский район, сельское поселение Первомайское, село Первомайское, Морская улица, 18/7",,,Гостиница,нет,,,,,,none,1
364,Sole&Riva,Каякентский район,"Республика Дагестан, Каякентский район, сельсовет Новокаякентский, село Инчхе, Морская улица, 76",+7 (906) 737-51-91,,"База, дом отдыха",нет,,,,,,none,1
371,Sun House,Каякентский район,"Республика Дагестан, Каякентский район, сельское поселение Первомайское, село Первомайское, Солнечная улица, 82","+7 (937) 461-06-06, +7 (927) 590-52-57",,"База, дом отдыха",нет,,,,,,none,1
381,Sunrise,Каякентский район,"Республика Дагестан, Каякентский район, сельсовет Новокаякентский, село Инчхе, Морская улица, 61",+7 (964) 021-35-51,https://domasunrise.ru/,"База, дом отдыха",нет,,,,,,live,2
387,Talkhan,Каякентский район,"Республика Дагестан, Каякентский район, сельсовет Новокаякентский",+7 (977) 429-15-21,https://makhachkala.dimpoisk.ru/catalog/item646099.html,"База, дом отдыха",нет,,,,,,live,1
391,Terrasa,Каякентский район,"Республика Дагестан, Каякентский район, сельсовет Новокаякентский",+7 (909) 485-58-88,,"База, дом отдыха",нет,,,,,,none,1
398,Turbaza Priboi,Каякентский район,"Республика Дагестан, Каякентский район, сельское поселение Каранайаул, Избербаш",,,Турбаза,нет,,,,,,none,1
410,Villa del Amore,Каякентский район,"Республика Дагестан, Каякентский район, сельсовет Новокаякентский, село Инчхе","+7 (925) 193-01-61, +7 (925) 924-52-93",,Глэмпинг,нет,,,,,,none,1
416,Villa_Malibu,Каякентский район,"Республика Дагестан, Каякентский район, сельсовет Новокаякентский",,,Гостевой дом,нет,,,,,,none,1
424,White House,Каякентский район,"Республика Дагестан, Каякентский район, сельсовет Новокаякентский","+7 (933) 111-66-11, +7 (994) 222-00-66",,"База, дом отдыха",нет,,,,,,none,1
431,Zarya,Каякентский район,"Республика Дагестан, Каякентский район, село Новокаякент","+7 (963) 407-44-41, +7 (903) 499-52-60",,"База, дом отдыха",нет,,,,,,none,1
448,Аджи-Папас,Каякентский район,"Республика Дагестан, Каякентский район, село Новокаякент",+7 (909) 404-46-66,,Турбаза,нет,,,,,,none,1
460,Аквамарин,Каякентский район,"Республика Дагестан, Каякентский район, сельсовет Новокаякентский",+7 (988) 429-71-70,https://akvamarin05.clients.site/,Гостевой дом,нет,,,,,,live,1
468,Алан,Каякентский район,"Республика Дагестан, Каякентский район, сельсовет Новокаякентский",+7 (928) 363-52-35,,"База, дом отдыха",нет,,,,,,none,2
483,Анталия,Каякентский район,"Республика Дагестан, Каякентский район",+7 (903) 477-11-31,,"База, дом отдыха, Турбаза",нет,,,,,,none,1
521,Арадеш,Каякентский район,"Республика Дагестан, Каякентский район, сельсовет Новокаякентский, село Инчхе",,,Гостиница,нет,С052024010000,Отель «Арадеш»,Прекращен,054800003352,324050000147892,none,1
541,Атмосфера,Каякентский район,"Республика Дагестан, Каякентский район, сельсовет Новокаякентский, село Инчхе, Морская улица, 9/1","+7 (933) 111-11-62, +7 (999) 646-33-99",,Гостиница,нет,,,,,,none,1
569,База отдыха Немо,Каякентский район,"Республика Дагестан, Каякентский район",,,"База, дом отдыха",нет,,,,,,none,1
570,База отдыха Прибой,Каякентский район,"Республика Дагестан, Каякентский район, сельсовет Новокаякентский, село Инчхе",+7 (929) 980-25-45,,"База, дом отдыха",нет,,,,,,none,1
575,База Отдыха Ундина,Каякентский район,"Республика Дагестан, Каякентский район, сельсовет Новокаякентский, село Инчхе",,,"База, дом отдыха, Гостиница",нет,,,,,,none,1
578,"База, дом отдыха",Каякентский район,"Республика Дагестан, Каякентский район, село Новокаякент, 8-й проезд Рыбзавод, 2",+7 (960) 417-99-20,,"База, дом отдыха",нет,,,,,,none,1
594,Белые домики,Каякентский район,"Республика Дагестан, Каякентский район, сельсовет Новокаякентский",+7 (928) 670-12-22,,"База, дом отдыха",нет,,,,,,none,1
662,ВМ,Каякентский район,"Республика Дагестан, Каякентский район, сельсовет Новокаякентский, село Инчхе, Морская улица, 56",+7 (964) 000-68-82,,"База, дом отдыха",нет,,,,,,none,1
680,Габибулла,Каякентский район,"Республика Дагестан, Каякентский район, село Каякент, улица Советский Дагестан",,,"База, дом отдыха",нет,,,,,,none,1
710,Горизонт,Каякентский район,"Республика Дагестан, Каякентский район, сельсовет Новокаякентский, село Инчхе, 9","+7 (963) 428-88-89, +7 (965) 498-56-65",,Гостевой дом,нет,,,,,,none,1
816,Гостевой дом 505,Каякентский район,"Республика Дагестан, Каякентский район, сельсовет Новокаякентский, село Инчхе, 7/1",+7 (989) 479-29-95,,Гостевой дом,нет,,,,,,none,1
1100,Джумейра,Каякентский район,"Республика Дагестан, Каякентский район, сельское поселение Первомайское, село Первомайское, Береговая улица, 1",+7 (988) 630-13-48,https://jumeirah-home.clients.site/,"База, дом отдыха",нет,,,,,,live,1
1141,Дом отдыха,Каякентский район,"Республика Дагестан, Каякентский район, проезд Песчаный Берег, 1",+7 (906) 447-10-08,,"База, дом отдыха, Гостиница",нет,,,,,,none,1
1148,Дом отдыха у моря,Каякентский район,"Республика Дагестан, Каякентский район, село Новокаякент",+7 (967) 399-78-33,,"База, дом отдыха",нет,,,,,,none,1
1155,Дом у моря,Каякентский район,"Республика Дагестан, Каякентский район, проезд Песчаный Берег, 3",+7 (963) 406-71-09,,"База, дом отдыха",нет,,,,,,none,1
1160,Дом у моря,Каякентский район,"Республика Дагестан, Каякентский район",+7 (963) 797-61-11,https://makhachkala.dimpoisk.ru/catalog/item622166.html,"База, дом отдыха",нет,,,,,,live,1
1164,Дом у моря,Каякентский район,"Республика Дагестан, Каякентский район, село Новокаякент, 6",+7 (963) 418-72-22,,"База, дом отдыха",нет,,,,,,none,1
1166,Дом у моря,Каякентский район,"Республика Дагестан, Каякентский район, проезд Песчаный Берег",+7 (999) 979-74-79,,"База, дом отдыха",нет,,,,,,none,1
1199,Дома у моря Shtil,Каякентский район,"Республика Дагестан, Каякентский район, сельсовет Новокаякентский",,,"База, дом отдыха",нет,,,,,,none,1
1202,Дома у моря Тропико,Каякентский район,"Республика Дагестан, Каякентский район",+7 (989) 472-50-11,https://tropiko-05.clients.site/,"База, дом отдыха",нет,,,,,,dead,1
1218,Домик у Моря,Каякентский район,"Республика Дагестан, Каякентский район, сельсовет Новокаякентский, село Инчхе",+7 (989) 884-22-59,,Гостевой дом,нет,,,,,,none,2
1233,Домик у Моря Boston,Каякентский район,"Республика Дагестан, Каякентский район, сельсовет Новокаякентский",+7 (928) 515-63-17,,Гостевой дом,нет,,,,,,none,2
1245,Домики Каякент,Каякентский район,"Республика Дагестан, Каякентский район",+7 (967) 390-63-61,,"База, дом отдыха",нет,,,,,,none,1
1270,Жаргус,Каякентский район,"Республика Дагестан, Каякентский район, сельсовет Новокаякентский, село Инчхе",+7 (906) 442-78-88,,Гостевой дом,нет,,,,,,none,1
1290,ЖК Бавария,Каякентский район,"Республика Дагестан, Каякентский район, сельсовет Новокаякентский",,,"База, дом отдыха",нет,,,,,,none,1
1308,Золотой песок,Каякентский район,"Республика Дагестан, Каякентский район, проезд Песчаный Берег, 6",+7 (903) 499-90-88,,"База, дом отдыха",нет,,,,,,none,1
1312,Изба,Каякентский район,"Республика Дагестан, Каякентский район, сельсовет Новокаякентский",,,"База, дом отдыха, Пляж",нет,,,,,,none,1
1363,Камелот,Каякентский район,"Республика Дагестан, Каякентский район, сельсовет Новокаякентский, село Инчхе, Морская улица, 1А",+7 (964) 022-11-12,,"База, дом отдыха",нет,,,,,,none,1
1382,Каякент,Каякентский район,"Республика Дагестан, Каякентский район, село Новокаякент",,https://sanatoriumkajkent.ru/главная/,Санаторий,нет,,,,,,error,1
1415,Комфорт,Каякентский район,"Республика Дагестан, Каякентский район, сельсовет Новокаякентский",+7 (967) 393-76-79,https://doma-komfort.clients.site/,"База, дом отдыха",нет,,,,,,live,1
1418,Континенталь,Каякентский район,"Республика Дагестан, Каякентский район, сельсовет Новокаякентский, село Инчхе, Морская улица, 1/2",+7 (982) 705-60-55,https://kontinental-morskaja-ulitsa.clients.site/,Гостевой дом,нет,,,,,,live,1
1421,Косатка,Каякентский район,"Республика Дагестан, Каякентский район, сельское поселение Первомайское, село Первомайское, Песчаная улица, 4/1","+7 (928) 558-24-47, +7 (966) 742-07-44",https://kosatka-izberbash.clients.site/,Гостевой дом,нет,,,,,,live,1
1425,Коттедж Айша,Каякентский район,"Республика Дагестан, Каякентский район, село Новокаякент, 5",+7 (960) 407-48-38,,"Жильё посуточно, База, дом отдыха",нет,,,,,,none,1
1470,Легенда,Каякентский район,"Республика Дагестан, Каякентский район, сельское поселение Первомайское, село Первомайское, Песчаная улица, 8Б",+7 (903) 424-75-83,https://legenda-gostevie-doma.clients.site/,Гостевой дом,нет,,,,,,live,1
1479,Лето,Каякентский район,"Республика Дагестан, Каякентский район, сельское поселение Первомайское, село Первомайское, Песчаная улица, 4/1",+7 (928) 538-83-32,https://leto-izberbash.ru/,"База, дом отдыха",нет,,,,,,live,1
1485,Луч,Каякентский район,"Республика Дагестан, Каякентский район, сельсовет Новокаякентский, село Инчхе",,,Гостиница,нет,,,,,,none,1
1489,Мадина,Каякентский район,"Республика Дагестан, Каякентский район, сельсовет Новокаякентский, село Инчхе",,,Гостиница,нет,,,,,,none,1
1495,Мальдива,Каякентский район,"Республика Дагестан, Каякентский район, сельсовет Новокаякентский",+7 (918) 738-89-88,https://maldiva.clients.site/,Турбаза,нет,,,,,,live,1
1497,Манар,Каякентский район,"Республика Дагестан, Каякентский район, сельсовет Новокаякентский",+7 (993) 444-07-44,,"База, дом отдыха",нет,,,,,,none,1
1516,Меридиан,Каякентский район,"Республика Дагестан, Каякентский район, сельсовет Новокаякентский, село Инчхе, Морская улица, 3","+7 (967) 399-39-75, +7 (901) 791-44-79",https://meridian-05.clients.site/,Гостиница,нет,,,,,,live,1
1528,Мираж,Каякентский район,"Республика Дагестан, Каякентский район, сельсовет Новокаякентский, село Инчхе","+7 (928) 527-77-44, +7 (961) 838-01-22",,Гостиница,нет,,,,,,none,1
1537,Море,Каякентский район,"Республика Дагестан, Каякентский район, сельсовет Новокаякентский",+7 (967) 830-47-42,,"База, дом отдыха",нет,,,,,,none,1
1539,Море Бриз,Каякентский район,"Республика Дагестан, Каякентский район, сельсовет Новокаякентский",+7 (966) 199-79-70,,Гостевой дом,нет,,,,,,none,1
1542,Морелла,Каякентский район,"Республика Дагестан, Каякентский район, Песчаная улица",+7 (963) 371-57-75,,"База, дом отдыха",нет,,,,,,none,1
1549,Морская волна,Каякентский район,"Республика Дагестан, Каякентский район, сельсовет Новокаякентский",+7 (903) 481-55-52,,"База, дом отдыха",нет,,,,,,none,1
1552,Морские истории,Каякентский район,"Республика Дагестан, Каякентский район, сельсовет Новокаякентский, село Инчхе",+7 (938) 208-25-25,,Турбаза,нет,,,,,,none,1
1567,Моя Тихая Гавань,Каякентский район,"Республика Дагестан, Каякентский район, сельсовет Новокаякентский, село Инчхе, Морская улица, 2/1",+7 (967) 393-72-90,https://moja-tihaja-gavan-morskaja-ulitsa.clients.site/,"База, дом отдыха",нет,,,,,,live,2
1590,Наше Место,Каякентский район,"Республика Дагестан, Каякентский район",+7 (989) 899-33-33,,"База, дом отдыха",нет,,,,,,none,1
1591,Нептун,Каякентский район,"Республика Дагестан, Каякентский район","+7 (961) 838-05-05, +7 (963) 407-22-40",https://neptun-1696858045.clients.site/,"База, дом отдыха",нет,,,,,,live,1
1593,Нова,Каякентский район,"Республика Дагестан, Каякентский район изербаш Приморская 2/7, Избербаш",+7 (964) 000-01-38,,"База, дом отдыха",нет,,,,,,none,1
1649,Панама,Каякентский район,"Республика Дагестан, Каякентский район, Песчаная улица",+7 (938) 796-99-73,,"База, дом отдыха",нет,,,,,,none,1
1652,Панорама Рест,Каякентский район,"Республика Дагестан, Каякентский район",+7 (928) 050-89-28,https://panorama-rest.clients.site/,"База, дом отдыха",нет,,,,,,live,1
1664,Пача,Каякентский район,"Республика Дагестан, Каякентский район",+7 (963) 374-10-27,,"База, дом отдыха",нет,,,,,,none,1
1677,Полёт,Каякентский район,"Республика Дагестан, Каякентский район, сельское поселение Первомайское, село Первомайское, улица Калинина, 2В",+7 (906) 449-68-71,https://polet-ulitsa-kalinina.clients.site/,Гостиница,нет,,,,,,live,1
1692,Пристань,Каякентский район,"Республика Дагестан, Каякентский район, сельсовет Новокаякентский, село Инчхе, Морская улица, 66",+7 (915) 486-57-43,,Гостевой дом,нет,,,,,,none,1
1699,Райский домик,Каякентский район,"Республика Дагестан, Каякентский район, сельское поселение Первомайское, село Первомайское, Песчаная улица, 6",+7 (967) 401-00-44,,"База, дом отдыха",нет,,,,,,none,1
1706,Ракушка,Каякентский район,"Республика Дагестан, Каякентский район, сельсовет Новокаякентский, село Инчхе",,https://makhachkala.dimpoisk.ru/catalog/item376658.html,"База, дом отдыха",нет,,,,,,live,1
1712,Рассвет,Каякентский район,"Республика Дагестан, Каякентский район, сельсовет Новокаякентский, село Инчхе, Морская улица",+7 (909) 479-76-93,https://rassvet-1751285590.clients.site/,Гостевой дом,нет,С052026019748,Рассвет,Прекращен,056107353403,,live,5
1734,Ругери,Каякентский район,"Республика Дагестан, Каякентский район, село Новокаякент, Приморская улица",+7 (963) 423-62-15,https://makhachkala.dimpoisk.ru/catalog/item645651.html,"База, дом отдыха",нет,,,,,,live,1
1744,Саванна,Каякентский район,"Республика Дагестан, Каякентский район, сельское поселение Первомайское, село Первомайское, Береговая улица",+7 (964) 022-22-07,,"База, дом отдыха",нет,,,,,,none,1
1778,Связист,Каякентский район,"Республика Дагестан,  Каякентский район, село Новокаякент","+7 (967) 409-69-00, +7 (989) 672-30-06, +7 (967) 932-09-58",,"База, дом отдыха",нет,,,,,,none,1
1782,Семейная,Каякентский район,"Республика Дагестан, Каякентский район",+7 (928) 516-02-01,https://semejnyj-1693243769.clients.site/,"База, дом отдыха",нет,,,,,,live,1
1801,СиХаус,Каякентский район,"Республика Дагестан, Каякентский район, сельсовет Новокаякентский",+7 (988) 454-45-45,,"База, дом отдыха",нет,,,,,,none,1
1805,Скайлайн,Каякентский район,"Республика Дагестан, Каякентский район, село Первомайское, Береговая улица, 2",+7 (928) 977-00-57,,"База, дом отдыха",нет,,,,,,none,1
1806,СмокХаус05,Каякентский район,"Республика Дагестан, Каякентский район",+7 (928) 051-75-33,https://sh05.ru/,"База, дом отдыха",нет,,,,,,live,1
1814,Солнце мое,Каякентский район,"Республика Дагестан, Каякентский район, сельсовет Новокаякентский, село Инчхе, Морская улица, 3","+7 (909) 485-10-21, +7 (963) 406-35-53",https://hotel-sole-mio.aqulas.me/,Гостиница,нет,,,,,,live,1
1819,СССР,Каякентский район,"Республика Дагестан, Каякентский район, сельсовет Новокаякентский, село Инчхе, Морская улица, 58",+7 (962) 000-90-67,,"База, дом отдыха",нет,,,,,,none,1
1830,Султан,Каякентский район,"Республика Дагестан, Каякентский район, село Новокаякент, Краснофлотская улица, 100",+7 (906) 363-07-02,,Гостевой дом,нет,,,,,,none,1
1857,Тихая гавань,Каякентский район,"Республика Дагестан, Каякентский район, сельсовет Новокаякентский, село Инчхе, Морская улица, 7",,,Гостиница,нет,,,,,,none,1
1865,Три пирамиды,Каякентский район,"Республика Дагестан, Каякентский район, сельсовет Новокаякентский, село Инчхе, Морская улица, 18/4","+7 (999) 212-58-83, +7 (967) 938-96-98",,"База, дом отдыха",нет,,,,,,none,1
1890,У Гаджи,Каякентский район,"Республика Дагестан, Каякентский район, сельсовет Новокаякентский, село Инчхе, Морская улица, 67","+7 (964) 017-85-52, +7 (906) 666-66-74",,"База, дом отдыха, Турбаза",нет,,,,,,none,1
1915,У Рамазана,Каякентский район,"Республика Дагестан, Каякентский район, сельсовет Новокаякентский, село Инчхе",+7 (923) 004-09-05,https://makhachkala.dimpoisk.ru/catalog/item544375.html,"База, дом отдыха, Гостиница",нет,,,,,,live,1
1927,У Юсуфа,Каякентский район,"Республика Дагестан, Каякентский район, село Новокаякент, 8",+7 (909) 482-84-21,,Гостевой дом,нет,,,,,,none,1
1946,Уютный берег,Каякентский район,"Республика Дагестан, Каякентский район, сельсовет Новокаякентский, село Инчхе",+7 (928) 800-05-06,,"База, дом отдыха",нет,,,,,,none,1
1966,Фрегат,Каякентский район,"Республика Дагестан, Каякентский район, сельсовет Новокаякентский, село Инчхе, Морская улица",+7 (965) 494-06-08,,"База, дом отдыха",нет,,,,,,none,1
2073,Штиль,Каякентский район,"Республика Дагестан, Каякентский район, сельсовет Новокаякентский, село Инчхе",+7 (929) 942-07-47,http://каспийштиль.рф/,"База, дом отдыха",нет,,,,,,live,1
2123,Ямал,Каякентский район,"Республика Дагестан, Каякентский район, сельсовет Новокаякентский, село Инчхе",,,Гостевой дом,нет,,,,,,none,1
85,CityHotel,Кизилюрт,"Республика Дагестан, город Кизилюрт, улица Вишневского, 15",+7 (928) 543-11-66,https://cityhotel-ulitsa-vishnevskogo.clients.site/,Гостиница,нет,,,,,,live,1
201,Hotel Monte,Кизилюрт,"Республика Дагестан, город Кизилюрт, улица Кара-Караева, 6","+7 (988) 213-55-02, +7 (928) 064-88-88",,Гостиница,нет,,,,,,none,1
209,Ibn Dawood,Кизилюрт,"Республика Дагестан, город Кизилюрт, улица Алиева, 25",+7 (928) 510-55-22,,Гостиница,нет,,,,,,none,1
279,Olympic Gold,Кизилюрт,"Республика Дагестан, город Кизилюрт, проспект имени Шамиля, 25",+7 (936) 219-19-19,,Гостиница,нет,,,,,,none,1
326,Salataviya_kiz,Кизилюрт,"Республика Дагестан, город Кизилюрт, Сулакская улица, 1/2",+7 (928) 879-60-00,,"База, дом отдыха",нет,,,,,,none,1
765,Гостевой дом,Кизилюрт,"Республика Дагестан, городской округ Кизилюрт, посёлок городского типа Новый Сулак, улица Сулеймана Стальского, 13",+7 (928) 508-13-13,,Хостел,нет,,,,,,none,1
769,Гостевой дом,Кизилюрт,"Республика Дагестан, город Кизилюрт, улица Вишневского, 82",+7 (928) 972-22-15,,"Гостевой дом, Гостиница",нет,,,,,,none,1
1011,Гостиница ‘Family’,Кизилюрт,"Республика Дагестан, город Кизилюрт, микрорайон Новый, 6-й проезд улицы Расула Гамзатова, 27",,https://gostinitsa-family.clients.site/,Гостиница,нет,,,,,,live,1
1072,Дача номер 1,Кизилюрт,"Республика Дагестан, город Кизилюрт, территория СНТ Машиностроитель-2, Речная улица, 10","+7 (905) 637-33-02, +7 (922) 001-08-09",,"База, дом отдыха",нет,,,,,,none,1
1375,Карачель,Кизилюрт,"Республика Дагестан, городской округ Кизилюрт, село Старый Бавтугай, Интернатская улица, 2Д",+7 (988) 203-00-13,,"База, дом отдыха",нет,,,,,,none,1
1426,Коттедж Вилла,Кизилюрт,"Республика Дагестан, город Кизилюрт",+7 (989) 440-80-12,,"База, дом отдыха",нет,,,,,,none,1
1490,Мако,Кизилюрт,"Республика Дагестан, город Кизилюрт, улица Малагусейнова, 6Е",+7 (989) 632-01-01,,Гостиница,нет,,,,,,none,1
1732,РРК Янтарное,Кизилюрт,"Республика Дагестан, городской округ Кизилюрт",+7 (988) 438-96-41,,"Турбаза, Рыбное хозяйство, рыбоводство",нет,,,,,,none,1
1771,Сафар,Кизилюрт,"Республика Дагестан, город Кизилюрт, улица Алиева, 25",,,Гостиница,нет,,,,,,none,1
2124,Янтарное,Кизилюрт,"Республика Дагестан, городской округ Кизилюрт","+7 (988) 547-54-48, +7 (928) 053-61-53",https://jantarnoe-1691566441.clients.site/,Гостиница,нет,,,,,,live,1
163,Grand sulak,Кизилюртовский район,"Республика Дагестан, Кизилюртовский район, село Миатли, улица Газимухаммада-Хаджи, 23",+7 (961) 463-23-23,,"База, дом отдыха, Гостиница",нет,,,,,,none,1
401,U_pruda,Кизилюртовский район,"Республика Дагестан, Кизилюртовский район, сельское поселение Султан-Янги-Юрт",+7 (922) 528-50-23,,"База, дом отдыха",нет,,,,,,none,2
548,База,Кизилюртовский район,"Республика Дагестан, Кизилюртовский район, село Нижний Чирюрт, коттеджный посёлок Нижне-Чирюртовские",+7 (922) 798-77-07,,"База, дом отдыха",нет,,,,,,none,1
965,Гостиница,Кизилюртовский район,"Республика Дагестан, Кизилюртовский район, сельское поселение Нижний Чирюрт, село Нижний Чирюрт, участок Новые Планы, Промышленная улица, 107","+7 (926) 666-69-19, +7 (928) 807-10-50",,"Гостиница, Гостевой дом",нет,,,,,,none,1
979,Гостиница,Кизилюртовский район,"Республика Дагестан, Кизилюртовский район, село Гельбах, улица А. Идрисова, 6",+7 (925) 264-15-59,,Гостиница,нет,,,,,,none,1
1235,Домик у Речки,Кизилюртовский район,"Республика Дагестан, Кизилюртовский район, сельское поселение Миатли, село Миатли",+7 (989) 481-87-82,,"База, дом отдыха",нет,,,,,,none,2
1264,Дубовая Роща-Нечаевка,Кизилюртовский район,"Республика Дагестан, Кизилюртовский район, сельсовет Нечаевский",+7 (915) 408-89-99,,"База, дом отдыха, Жильё посуточно",нет,,,,,,none,1
1265,Дубрава,Кизилюртовский район,"Республика Дагестан, Кизилюртовский район",+7 (928) 523-49-49,,"База, дом отдыха",нет,,,,,,none,1
1475,Лесная сказка,Кизилюртовский район,"Республика Дагестан, Кизилюртовский район, село Нечаевка",+7 (930) 000-18-03,,"База, дом отдыха",нет,,,,,,none,1
1511,Мебельщик,Кизилюртовский район,"Республика Дагестан, Кизилюртовский район, село Новый Чиркей, Виноградная улица",,,"База, дом отдыха",нет,,,,,,none,1
1521,Миатли,Кизилюртовский район,"Республика Дагестан, Кизилюртовский район, сельское поселение Миатли, село Миатли, улица Умаргаджи-Зияудина",,,Гостиница,нет,,,,,,none,1
1650,Панда,Кизилюртовский район,"Республика Дагестан, Кизилюртовский район, сельское поселение Нижний Чирюрт, село Нижний Чирюрт, Луговая улица",,,Гостиница,нет,,,,,,none,1
1935,Усадьба Магомедовых,Кизилюртовский район,"Республика Дагестан, Кизилюртовский район, сельсовет Нечаевский",+7 (985) 846-76-77,,"Турбаза, Клуб охотников и рыболовов, Конный клуб",нет,,,,,,none,1
1956,Фазенда,Кизилюртовский район,"Республика Дагестан, Кизилюртовский район",,,"База, дом отдыха",нет,,,,,,none,1
177,Health Resort Talgi,Кизляр,"Республика Дагестан, Кизляр, улица Фронтовиков, 10",,,Гостиница,нет,,,,,,none,1
302,Raf,Кизляр,"Республика Дагестан, Кизляр, улица Красина, 42/4","+7 (928) 683-94-49, +7 (988) 645-04-71",,Гостиница,нет,,,,,,none,1
636,Вершина,Кизляр,"Республика Дагестан, Кизляр, улица Победы, 95Б",+7 (961) 833-07-77,,Гостиница,нет,,,,,,none,1
1020,Гостиница Гранд,Кизляр,"Республика Дагестан, Кизляр, Пушкинская площадь",,,Гостиница,нет,,,,,,none,1
1090,Дельфин,Кизляр,"Республика Дагестан, Кизляр",,,Гостиница,нет,,,,,,none,1
1320,Кавказ,Кизляр,"Республика Дагестан, Кизляр, Привокзальная площадь, 1",+7 (928) 286-92-29,,Гостиница,нет,,,,,,none,1
1445,Крепость,Кизляр,"Республика Дагестан, Кизляр, Южная улица, 15","+7 (928) 224-44-57, +7 (928) 980-42-05",,Гостиница,нет,,,,,,none,1
837,Гостевой дом Бамбук,Кизлярский район,"Республика Дагестан, Кизлярский район, поселок Коллективизатор, Приморская улица, 71",+7 (928) 288-66-54,,"База, дом отдыха",нет,,,,,,none,1
940,Гостиница,Кизлярский район,"Республика Дагестан, Кизлярский район, село Кардоновка, улица Ленина",+7 (909) 482-44-64,,Гостиница,нет,,,,,,none,1
1403,Кизлярская база отдыха,Кизлярский район,"Республика Дагестан, Кизлярский район, сельское поселение Новый Бирюзяк",,,"База, дом отдыха",нет,,,,,,none,1
1449,Кристалл,Кизлярский район,"Республика Дагестан, Кизлярский район, сельсовет Новокохановский, село Краснооктябрьское",+7 (928) 545-45-49,,Гостиница,нет,,,,,,none,1
1458,КЭМЗ,Кизлярский район,"Республика Дагестан, Кизлярский район, сельское поселение Новый Бирюзяк",,,"База, дом отдыха",нет,,,,,,none,1
1721,Резиденция Воронеж,Кизлярский район,"Республика Дагестан, Кизлярский район, село Южное, Восточная улица, 111",+7 (906) 482-99-33,,"База, дом отдыха",нет,,,,,,none,1
1859,Тихий берег,Кизлярский район,"Республика Дагестан, Кизлярский район, поселок Лопуховка","+7 (906) 447-90-10, +7 (928) 808-87-87",,"База, дом отдыха",нет,,,,,,none,1
2076,Щукадег,Кизлярский район,"Республика Дагестан, Кизлярский район, село Рыбалко","+7 (928) 511-14-33, +7 (918) 925-36-20",,Гостиница,нет,,,,,,none,1
139,Fazenda,Кулинский район,"Республика Дагестан, Кулинский район",+7 (928) 520-95-70,,Турбаза,нет,,,,,,none,1
1241,Домики в горах,Кулинский район,"Республика Дагестан, Кулинский район, сельское поселение Хосрех","+7 (928) 050-56-65, +7 (988) 777-54-66",,Гостевой дом,нет,,,,,,none,1
2088,Экоферма Кунцалу,Кулинский район,"Республика Дагестан, Кулинский район, сельское поселение Сумбатль",+7 (903) 740-00-11,https://экоферма05.рф/,Турбаза,нет,,,,,,error,1
2109,Этнодом Кули,Кулинский район,"Республика Дагестан, Кулинский район, село Кули",+7 (988) 436-05-05,,Гостевой дом,нет,,,,,,none,1
227,Korkmaskala,Кумторкалинский район,"Республика Дагестан, Кумторкалинский район, село Коркмаскала, улица Юсупа Гаджакаева, 82",+7 (988) 785-30-39,,"База, дом отдыха",нет,,,,,,none,1
228,Korkmaskala,Кумторкалинский район,"Республика Дагестан, Кумторкалинский район, село Коркмаскала, улица Юсупа Гаджакаева, 53",+7 (989) 465-23-32,,Гостиница,нет,,,,,,none,1
1488,Маа,Кумторкалинский район,"Республика Дагестан, Кумторкалинский район, садовые участки Караман-2","+7 (931) 888-40-80, +7 (988) 787-57-66",,Гостиница,нет,,,,,,none,1
1997,Хостел № 1,Кумторкалинский район,"Республика Дагестан, Кумторкалинский район, село Коркмаскала","+7 (960) 409-17-66, +7 (925) 333-01-11, +7 (960) 409-17-66",,Хостел,нет,,,,,,none,1
838,Гостевой дом в 10 минутах пешком от моря рядом с Экранопланом Лунь,Курахский район,"Республика Дагестан, Курахский район, сельсовет Моллакентский, село Арабляр, улица Лермонтова, 1",,,Гостевой дом,нет,,,,,,none,1
1505,Махачадан хал,Курахский район,"Республика Дагестан, Курахский район, сельсовет Усугский, село Хвередж",,,"База, дом отдыха",нет,,,,,,none,1
2055,Чилл,Курахский район,"Республика Дагестан, Курахский район, село Моллакент",+7 (988) 790-14-44,,"База, дом отдыха",нет,,,,,,none,1
146,Geona,Лакский Район,"Республика Дагестан, Лакский район",+7 (928) 060-63-63,,"Жильё посуточно, Гостиница",нет,,,,,,none,1
683,Гази-кумух,Лакский Район,"Республика Дагестан, Лакский район, село Кумух, Верхний Кумух","+7 (988) 790-06-93, +7 (989) 664-69-30, +7 (929) 877-70-08",,"Гостевой дом, Гостиница",нет,,,,,,none,1
1571,Мускат,Лакский Район,"Республика Дагестан, Лакский район, село Кумух, улица Сурхайхана, 28","+7 (928) 502-50-60, +7 (928) 504-67-47",,Гостевой дом,нет,,,,,,none,2
98,Dag travel Gori,Левашинский район,"Республика Дагестан, Левашинский район, село Верхний Арши, улица Гаджиева, 18","+7 (909) 482-42-77, +7 (964) 016-09-37",https://dag-travel-gori.clients.site/,"База, дом отдыха",нет,,,,,,live,1
527,Арион,Левашинский район,"Республика Дагестан, Левашинский район, село Какамахи, улица Янц","+7 (903) 427-32-30, +7 (964) 024-44-57",,Гостиница,нет,,,,,,none,1
1017,Гостиница 999,Левашинский район,"Республика Дагестан, Левашинский район, село Хаджалмахи, 68",+7 (903) 498-22-76,,Гостиница,нет,,,,,,none,1
1055,Граница,Левашинский район,"Республика Дагестан, Левашинский район, село Хаджалмахи","+7 (964) 011-30-31, +7 (960) 412-66-42",,Гостиница,нет,,,,,,none,1
1796,Сердце гор,Левашинский район,"Республика Дагестан, Левашинский район",+7 (989) 885-10-58,,"База, дом отдыха",нет,,,,,,none,1
1827,Старый мельник,Левашинский район,"Республика Дагестан, Левашинский район, сельсовет Цудахарский",+7 (960) 414-15-59,https://staryj-melnik-1657112253.clients.site/,Гостиница,нет,,,,,,live,1
2107,Этнодом,Левашинский район,"Республика Дагестан, Левашинский район, село Мекеги",,,Гостиница,нет,,,,,,none,1
725,Гостевой дом,Магарамкентский район,"Республика Дагестан, Магарамкентский район, село Приморский, Набережная улица, 19",+7 (963) 426-94-84,,Гостевой дом,нет,,,,,,none,1
984,Гостиница,Магарамкентский район,"Республика Дагестан, Магарамкентский район, село Приморский, Заречная улица",+7 (964) 444-64-84,,Гостиница,нет,,,,,,none,1
1171,Дом у моря,Магарамкентский район,"Республика Дагестан, Магарамкентский район, село Приморский, Заречная улица, 6",+7 (960) 416-95-60,,"База, дом отдыха",нет,,,,,,none,1
1203,Дома у Моря Элит,Магарамкентский район,"Республика Дагестан, Магарамкентский район, село Приморский, Приморская улица",+7 (928) 057-58-16,,"База, дом отдыха",нет,,,,,,none,1
1234,Домик у моря1,Магарамкентский район,"Республика Дагестан, Магарамкентский район, сельсовет Бильбильский, село Приморский, улица Етима Эмина, 13",+7 (988) 111-02-03,,Гостевой дом,нет,,,,,,none,1
1476,Лесная усадьба,Магарамкентский район,"Республика Дагестан, Магарамкентский район, сельсовет Бильбильский, село Приморский, улица Сулеймана Стальского, 24",+7 (964) 003-13-04,,Гостевой дом,нет,,,,,,none,1
1477,Лесная_сказка,Магарамкентский район,"Республика Дагестан, Магарамкентский район, село Приморский",+7 (960) 413-88-34,,Турбаза,нет,,,,,,none,1
1557,Морской бриз,Магарамкентский район,"Республика Дагестан, Магарамкентский район, село Приморский, Приморская улица, 9",+7 (989) 669-94-35,,"База, дом отдыха",нет,,,,,,none,1
1601,Оазис,Магарамкентский район,"Республика Дагестан, Магарамкентский район, село Приморский",+7 (989) 670-45-75,,Гостевой дом,нет,,,,,,none,1
1754,Самур,Магарамкентский район,"Республика Дагестан, Магарамкентский район, село Приморский",+7 (912) 977-04-27,,"База, дом отдыха",нет,,,,,,none,2
1755,Самурская Жемчужина,Магарамкентский район,"Республика Дагестан, Магарамкентский район, сельсовет Бильбильский, село Приморский, Заречная улица, 9","+7 (988) 297-05-45, +7 (988) 215-55-44, +7 (988) 302-54-72",,Гостевой дом,нет,,,,,,none,1
1756,Самурская роща,Магарамкентский район,"Республика Дагестан, Магарамкентский район, село Приморский, Заречная улица, 3",+7 (985) 055-48-20,,"База, дом отдыха",нет,,,,,,none,1
1757,Самурский рай,Магарамкентский район,"Республика Дагестан, Магарамкентский район, село Приморский, улица Нажмудина Шахпеленгова, 28",+7 (904) 244-81-82,http://samur-ray.ru/,"База, дом отдыха",нет,,,,,,live,1
1952,Уютный уголок,Магарамкентский район,"Республика Дагестан, Магарамкентский район, село Приморский, улица Муратханова, 6",+7 (988) 787-58-10,,"База, дом отдыха",нет,,,,,,none,1
2052,Черные пески,Магарамкентский район,"Республика Дагестан, Магарамкентский район, сельсовет Бильбильский, село Приморский, Набережная улица, 17",+7 (964) 016-61-32,,Гостевой дом,нет,,,,,,none,2
2054,Чи-house,Магарамкентский район,"Республика Дагестан, Магарамкентский район, сельсовет Бильбильский, село Приморский, улица Етима Эмина, 4",+7 (925) 461-25-04,,"База, дом отдыха",нет,,,,,,none,1
2064,Шарм,Магарамкентский район,"Республика Дагестан, Магарамкентский район, село Яраг-Казмаляр",+7 (988) 437-23-71,,Гостиница,нет,,,,,,none,1
2120,Юрта_парк,Магарамкентский район,"Республика Дагестан, Магарамкентский район",+7 (928) 540-77-97,,Турбаза,нет,,,,,,none,1
24,Algrado,Махачкала,"Республика Дагестан, Махачкала, улица Нурадилова, 69",,,Гостиница,нет,,,,,,none,1
26,Amalfi home,Махачкала,"Республика Дагестан, городской округ Махачкала, Rublevka Apart",+7 (925) 088-08-87,,"База, дом отдыха",нет,,,,,,none,1
27,Amg,Махачкала,"Республика Дагестан, Махачкала, проспект Али-Гаджи Акушинского, 357",+7 (928) 868-24-21,https://amg-hotel.ru/,Гостиница,нет,С052024014605,"Городская гостиница ""AMG"" ИП Алиева И.М.",Прекращен,057201758783,310057019700059,live,1
29,Andalusiya,Махачкала,"Республика Дагестан, Махачкала, улица Нурадилова, 69",,,Гостиница,нет,,,,,,none,1
34,Asil,Махачкала,"Республика Дагестан, Махачкала, улица Нурадилова, 69",,,Гостиница,нет,,,,,,none,1
78,Caspian Village,Махачкала,"Республика Дагестан, городской округ Махачкала, Академическая улица, 7",+7 (988) 278-07-35,,"База, дом отдыха",нет,,,,,,none,1
109,Djami Hotel Complex,Махачкала,"Республика Дагестан, Махачкала, улица Нурадилова, 69",,,Гостиница,нет,,,,,,none,1
112,Doma05.ru,Махачкала,"Республика Дагестан, Махачкала, микрорайон Караман-4",+7 (989) 446-57-77,,"База, дом отдыха",нет,,,,,,none,1
119,Elcasa,Махачкала,"Республика Дагестан, городской округ Махачкала, микрорайон Караман-4",+7 (964) 020-20-31,,"База, дом отдыха, Жильё посуточно",нет,,,,,,none,1
120,Emre,Махачкала,"Республика Дагестан, Махачкала, улица Салаватова, 13А",+7 (964) 008-99-11,https://www.emre-hotel.ru/,Гостиница,нет,,,,,,live,1
122,Eteris Duplex,Махачкала,"Республика Дагестан, Махачкала, улица Пугина, 4",+7 (989) 457-99-61,,Гостиница,нет,,,,,,none,1
123,Ethno Villa Residence,Махачкала,"Республика Дагестан, Махачкала, Севастопольская улица, 22",+7 (928) 973-71-73,http://ethnovilla.ru/,"База, дом отдыха",нет,,,,,,live,1
125,Euro Hotel,Махачкала,"Республика Дагестан, Махачкала, улица Нурадилова, 69",,,Гостиница,нет,,,,,,none,1
179,Hiyal,Махачкала,"Республика Дагестан, Махачкала, проспект Амет-Хана Султана, 8Л",+7 (928) 870-05-08,,Гостиница,нет,,,,,,none,1
188,Home 132,Махачкала,"Республика Дагестан, Махачкала, улица Дахадаева, 132",+7 (964) 053-15-04,,"Хостел, Гостиница",нет,,,,,,none,1
194,Hostel On Kammaeva 15,Махачкала,"Республика Дагестан, Махачкала, улица Каммаева, 15",,,Хостел,нет,,,,,,none,1
195,Hotel,Махачкала,"Республика Дагестан, Махачкала, проспект Гамидова, 19А, корп. 1",+7 (988) 647-85-35,https://extranet.emergingtravel.com/v3/hotels/956480171/hotel/info,Гостиница,нет,С052024015301,"Гостиница ""Арго"" ИП Джелилов Г.К.",Прекращен,051900913230,319057100076044,live,3
215,Isai,Махачкала,"Республика Дагестан, городской округ Махачкала, микрорайон Караман-7",+7 (988) 793-40-00,,Гостиница,нет,,,,,,none,1
217,JBR,Махачкала,"Республика Дагестан, Махачкала, Федеральное шоссе, 117","+7 (988) 655-88-66, +7 (928) 866-28-28",http://otel-jbr.ru/,Гостиница,нет,,,,,,live,1
229,Kvartiranasytki_05,Махачкала,"Республика Дагестан, Махачкала, улица Даниялова, 120А",+7 (928) 250-58-58,,Гостиница,нет,,,,,,none,1
231,Lali,Махачкала,"Республика Дагестан, Махачкала, микрорайон Караман-5, 109",+7 (989) 888-90-07,,Гостиница,нет,,,,,,none,1
232,Leon,Махачкала,"Республика Дагестан, Махачкала, улица Гагарина, 25А",+7 (928) 876-00-44,,Гостиница,нет,,,,,,none,1
235,Level,Махачкала,"Республика Дагестан, Махачкала, улица Абдулхакима Исмаилова, 62Ж",+7 (989) 867-84-87,,Гостиница,нет,,,,,,none,1
238,Lotus,Махачкала,"Республика Дагестан, городской округ Махачкала, микрорайон Караман-5, 3-й Хвойный тупик, 14",+7 (985) 846-65-50,,"База, дом отдыха",нет,,,,,,none,1
247,Marina beach resort,Махачкала,"Республика Дагестан, городской округ Махачкала, микрорайон Караман-7, улица Агамедова, 47","+7 (988) 691-55-94, +7 (989) 671-44-55",https://api.whatsapp.com/send?phone=79886915594,"База, дом отдыха",нет,,,,,,live,1
255,Moonlit Cove,Махачкала,"Республика Дагестан, городской округ Махачкала, микрорайон Караман-7, улица Хайрутдина Гаджиева, 67",+7 (989) 860-76-59,https://dom-u-kaspiyskogo-morya-24o0upv.gamma.site/,Гостиница,нет,,,,,,live,1
268,Natural Clinic,Махачкала,"Республика Дагестан, городской округ Махачкала, микрорайон Караман-5",+7 (988) 213-18-03,,"База, дом отдыха",нет,,,,,,none,1
297,Profsouznaya Hostel,Махачкала,"Республика Дагестан, Махачкала, улица Нурадилова, 69",,,Хостел,нет,,,,,,none,1
301,Rade,Махачкала,"Республика Дагестан, городской округ Махачкала, микрорайон Караман-7",+7 (918) 733-59-05,https://rade-karaman.clients.site/,Турбаза,нет,,,,,,live,1
308,Red,Махачкала,"Республика Дагестан, Махачкала, проспект Казбекова, 305",+7 (989) 440-34-24,,Гостиница,нет,,,,,,none,1
310,Redsun,Махачкала,"Республика Дагестан, Махачкала, проспект Насрутдинова, 222",+7 (989) 480-52-22,http://redsun-makhachkala.pro-hotel1.ru/,Гостиница,нет,,,,,,live,1
312,Reset time Karaman,Махачкала,"Республика Дагестан, городской округ Махачкала, микрорайон Караман-4",+7 (903) 482-93-78,,"База, дом отдыха",нет,,,,,,none,1
324,Rublevka apart,Махачкала,"Республика Дагестан, городской округ Махачкала",+7 (999) 007-33-07,https://rublevka-apart.clients.site/,"База, дом отдыха",нет,,,,,,live,1
333,Sari Kair,Махачкала,"Республика Дагестан, городской округ Махачкала, микрорайон Караман-6",+7 (988) 427-07-77,,"База, дом отдыха",нет,,,,,,none,1
334,Sarir,Махачкала,"Республика Дагестан, городской округ Махачкала, микрорайон Караман-6, шоссе Махачкала-Сулак",+7 (988) 457-77-77,https://villa-sarir.ru/,Гостиница,нет,,,,,,live,2
350,Seama house,Махачкала,"Республика Дагестан, Махачкала, микрорайон Караман-4",+7 (928) 579-16-84,,"База, дом отдыха, Гостевой дом",нет,,,,,,none,1
359,Soho Villa,Махачкала,"Республика Дагестан, городской округ Махачкала, Береговая улица, 1",,,Гостиница,нет,,,,,,none,1
373,Sun-safiya,Махачкала,"Республика Дагестан, городской округ Махачкала, микрорайон Караман-6",+7 (988) 291-41-13,,"База, дом отдыха",нет,,,,,,none,1
383,Sunset,Махачкала,"Республика Дагестан, городской округ Махачкала, микрорайон Караман-6",,,"База, дом отдыха",нет,,,,,,none,1
392,The Eagles,Махачкала,"Республика Дагестан, городской округ Махачкала, микрорайон Караман-7, улица Агамедова, 4",,,Гостиница,нет,,,,,,none,1
393,Tour house гостевой дом,Махачкала,"Республика Дагестан, Махачкала, микрорайон Караман-5, 4",,,Гостиница,нет,,,,,,none,1
402,Update,Махачкала,"Республика Дагестан, Махачкала, улица Радищева, 4",+7 (967) 933-77-55,,Хостел,нет,,,,,,none,1
417,Villa_Miami,Махачкала,"Республика Дагестан, Махачкала, микрорайон Караман-3",+7 (969) 888-88-75,,"База, дом отдыха",нет,,,,,,none,1
427,Willa,Махачкала,"Республика Дагестан, городской округ Махачкала, микрорайон Караман-7",+7 (909) 478-89-99,,"База, дом отдыха",нет,,,,,,none,1
428,WoodHouse,Махачкала,"Республика Дагестан, Махачкала, Федеральное шоссе, 190",+7 (988) 260-09-99,https://woodhouse.clients.site/,Гостиница,нет,,,,,,live,1
430,Woodhouse,Махачкала,"Республика Дагестан, Махачкала, 2-й Рельефный проезд, 2",,,Гостиница,нет,,,,,,none,1
454,Азия,Махачкала,"Республика Дагестан, городской округ Махачкала, микрорайон Караман-7, 120",+7 (989) 476-89-89,https://hotel-asia.ru/,Гостиница,нет,,,,,,live,1
458,Акаро,Махачкала,"Республика Дагестан, Махачкала, микрорайон Научный Городок, улица Абдуразака Шахбанова, 2","+7 (988) 216-19-19, +7 (928) 975-35-15",,Гостиница,нет,,,,,,none,1
467,Акулас,Махачкала,"Республика Дагестан, городской округ Махачкала, микрорайон Караман-7, улица Хайрутдина Гаджиева, 26/2",+7 (989) 447-82-93,https://gostinica1.aqulas.me/,Гостиница,нет,,,,,,live,1
470,Алеон,Махачкала,"Республика Дагестан, Махачкала, Федеральное шоссе",+7 (968) 513-99-99,https://www.aleonhotel.ru/,Гостиница,нет,С052024011692,Отель «Алеон»,Прекращен,054402047417,321057100073126,live,1
473,Аль-Фирай,Махачкала,"Республика Дагестан, Махачкала, улица Нурмагомеда Гаджимагомедова, 8",+7 (928) 276-06-06,https://apart-otel-al-firaj-s-russkoj.clients.site/,Гостиница,нет,,,,,,live,1
474,Альгамбра,Махачкала,"Республика Дагестан, Махачкала, улица Абдулхакима Исмаилова, 84",+7 (989) 488-01-11,https://отель-альхамбра.кавка3.рф/,Гостиница,нет,,,,,,live,1
481,Ансар,Махачкала,"Республика Дагестан, Махачкала, Федеральное шоссе, 90",+7 (967) 558-11-11,,"Гостевой дом, Гостиница",нет,,,,,,none,1
482,Ансар,Махачкала,"Республика Дагестан, Махачкала, Федеральное шоссе, 143/1",,,Гостиница,нет,,,,,,none,1
493,Апартаменты ApartCentr Makhachkala,Махачкала,"Республика Дагестан, Махачкала, улица Толстого, 1",+7 (989) 455-99-92,,"Гостиница, Апартаменты",нет,,,,,,none,1
494,Апартаменты Tur House в Махачкале,Махачкала,"Республика Дагестан, Махачкала, Ставропольская улица, 73",,,Гостиница,нет,,,,,,none,1
497,Апартаменты Бизнес,Махачкала,"Республика Дагестан, Махачкала, проспект Петра I, 103Б, корп. 4",,,Гостиница,нет,,,,,,none,1
498,Апартаменты Времена года 15,Махачкала,"Республика Дагестан, Махачкала, улица Времена Года, 15",+7 (988) 291-25-43,,Гостиница,нет,,,,,,none,1
515,Апартаменты С 2 спальнями,Махачкала,"Республика Дагестан, Махачкала, Хаджалмахинская улица, 57",,,Гостиница,нет,,,,,,none,1
516,Апартаменты С двуспальной кроватью и диваном,Махачкала,"Республика Дагестан, Махачкала, Хаджалмахинская улица, 57",,,Гостиница,нет,,,,,,none,1
518,Апартаменты Френдс,Махачкала,"Республика Дагестан, Махачкала, проспект Петра I, 103Б",+7 (982) 917-34-52,,Гостиница,нет,,,,,,none,1
526,Арена Пляж,Махачкала,"Республика Дагестан, городской округ Махачкала, микрорайон Караман-5",,,"База, дом отдыха, Аквапарк",нет,,,,,,none,1
529,АРС,Махачкала,"Республика Дагестан, городской округ Махачкала, Академическая улица, 37",+7 (928) 500-54-24,,Гостиница,нет,,,,,,none,1
534,Атака,Махачкала,"Республика Дагестан, Махачкала, улица Кавалеров Орденов Славы, 1",+7 (989) 879-32-21,,Гостиница,нет,,,,,,none,1
535,Ателье,Махачкала,"Республика Дагестан, Махачкала, улица Гагарина, 119",+7 (928) 522-31-23,,"Ремонт одежды, Гостиница",нет,,,,,,none,1
553,База отдыха,Махачкала,"Республика Дагестан, городской округ Махачкала, 1-я линия, 3",+7 (989) 884-77-21,,"База, дом отдыха",нет,,,,,,none,1
562,База отдыха Вояж,Махачкала,"Республика Дагестан, городской округ Махачкала, микрорайон Караман-7, 7",+7 (989) 657-57-57,,"База, дом отдыха, Гостиница",нет,,,,,,none,2
566,База отдыха Единство,Махачкала,"Республика Дагестан, городской округ Махачкала, микрорайон Караман-5, 3",+7 (928) 676-75-04,,"База, дом отдыха",нет,,,,,,none,1
574,База отдыха Умут,Махачкала,"Республика Дагестан, городской округ Махачкала, микрорайон Караман-4",+7 (928) 500-70-90,,"База, дом отдыха",нет,,,,,,none,1
609,Ботлих,Махачкала,"Республика Дагестан, Махачкала, проспект Али-Гаджи Акушинского, 264",,,Гостиница,нет,,,,,,none,1
616,Бутик-отель Карлос,Махачкала,"Республика Дагестан, Махачкала, Межевая улица, 11",+7 (928) 539-10-35,https://makhachkala.fooby.ru/company/butik-hotel-karlos-4177659,Гостиница,нет,,,,,,error,2
625,В гостях у горцев,Махачкала,"Республика Дагестан, городской округ Махачкала, село Шамхал-Термен, Загородное шоссе, 52",+7 (965) 759-33-33,,"Гостевой дом, Гостиница",нет,,,,,,none,1
626,Вавилон,Махачкала,"Республика Дагестан, Махачкала, Федеральное шоссе, 93",+7 (985) 219-36-09,,Хостел,нет,,,,,,none,1
630,Венерди Марина,Махачкала,"Республика Дагестан, городской округ Махачкала, Кировский внутригородской район",+7 (981) 120-86-88,,Гостиница,нет,,,,,,none,1
639,Вершина_Гор,Махачкала,"Республика Дагестан, городской округ Махачкала, Кировский район",+7 (988) 992-99-99,,Турбаза,нет,,,,,,none,1
653,Вилла Боскол,Махачкала,"Республика Дагестан, городской округ Махачкала, Кировский внутригородской район",+7 (963) 411-90-22,https://boscol.ru/,"База, дом отдыха",нет,,,,,,live,3
667,Волна и Веник,Махачкала,"Республика Дагестан, Махачкала, микрорайон Караман-7, 77Д",+7 (988) 984-77-77,https://volna-i-venik.clients.site/,"База, дом отдыха",нет,,,,,,live,1
672,Восточный,Махачкала,"Республика Дагестан, Махачкала, 2-й Сергокалинский тупик, 8, корп. 2","+7 (929) 539-30-00, +7 (999) 878-30-00",,Гостиница,нет,,,,,,none,1
686,Гармония,Махачкала,"Республика Дагестан, Махачкала, Халимбекаульская улица, 33А",+7 (928) 508-46-66,,Гостиница,нет,,,,,,none,1
689,ГБУ РД Президент-комплекс гостиница Приморская,Махачкала,"Республика Дагестан, Махачкала, улица Времена Года, 10","+7 (8722) 65-00-80, +7 (938) 794-25-55",,Гостиница,нет,,,,,,none,1
694,Гермес-Глобус,Махачкала,"Республика Дагестан, городской округ Махачкала, микрорайон Караман-6",,,"База, дом отдыха, Гостиница, Кафе, Бар, Автомобильная парковка",нет,,,,,,none,1
699,Глэмпинг,Махачкала,"Республика Дагестан, Махачкала, Советский район, улица Кольцевая, 100",+7 (965) 491-71-45,,Кемпинг,нет,,,,,,none,1
705,Годекан,Махачкала,"Республика Дагестан, Махачкала, улица Ахмата-Хаджи Кадырова, 88К",+7 (928) 515-80-00,,Хостел,нет,,,,,,none,1
718,Город Моря,Махачкала,"Республика Дагестан, городской округ Махачкала",+7 (989) 666-66-01,,"База, дом отдыха",нет,,,,,,none,1
726,Гостевой дом,Махачкала,"Республика Дагестан, Махачкала, улица Даниялова, 36",+7 (960) 412-22-23,,"Гостевой дом, Гостиница",нет,,,,,,none,1
790,Гостевой дом,Махачкала,"Республика Дагестан, Махачкала, микрорайон Научный Городок, Академическая улица, 10",+7 (980) 111-10-62,,"Гостевой дом, Гостиница",нет,,,,,,none,1
825,Гостевой дом № 1,Махачкала,"Республика Дагестан, Махачкала, микрорайон Караман-7, улица Хайрутдина Гаджиева, 26/4",,,Гостиница,нет,,,,,,none,1
827,Гостевой дом Tour House у Каспия,Махачкала,"Республика Дагестан, Махачкала, микрорайон Караман-7, 4",,,Гостиница,нет,,,,,,none,1
854,Гостевой дом Дагестан,Махачкала,"Республика Дагестан, Махачкала, улица Ярыгина, 5",+7 (928) 053-88-76,,"База, дом отдыха",нет,,,,,,none,1
856,Гостевой Дом Дом у Моря,Махачкала,"Республика Дагестан, Махачкала, Федеральное шоссе, 52А",+7 (929) 431-19-31,,"Гостевой дом, Гостиница",нет,,,,,,none,1
874,Гостевой дом Мухамед,Махачкала,"Республика Дагестан, Махачкала, Федеральное шоссе, 34А",+7 (928) 570-22-20,,"Гостевой дом, Гостиница",нет,,,,,,none,1
908,Гостевой дом у моря Каспий,Махачкала,"Республика Дагестан, городской округ Махачкала, микрорайон Караман-6",+7 (961) 466-11-11,,"Гостевой дом, Гостиница",нет,,,,,,none,1
930,Гостевой дом Этно,Махачкала,"Республика Дагестан, Махачкала, улица Пирогова, 4",,,Гостиница,нет,,,,,,none,1
931,Гостевой дом-сруб на берегу Каспийского моря,Махачкала,"Республика Дагестан, городской округ Махачкала, микрорайон Караман-5, 1",+7 (928) 984-00-74,https://gostevoj-dom-srub-na-beregu-1657103517.clients.site/,"База, дом отдыха",нет,,,,,,live,3
942,Гостиница,Махачкала,"Республика Дагестан, Махачкала, проспект Али-Гаджи Акушинского, 191",+7 (966) 742-26-66,https://mahachkala.jsprav.ru/ekonom-gostinitsyi-i-oteli/gostinitsa-6/,Гостиница,нет,,,,,,live,1
978,Гостиница,Махачкала,"Республика Дагестан, Махачкала, проспект Али-Гаджи Акушинского, 387",+7 (967) 934-00-41,,Гостиница,нет,,,,,,none,1
1002,Гостиница,Махачкала,"Республика Дагестан, Махачкала, улица Каммаева, 58",+7 (928) 987-86-03,,Гостиница,нет,,,,,,none,1
1025,Гостиница Лето,Махачкала,"Республика Дагестан, городской округ Махачкала, микрорайон Караман-7",+7 (989) 497-45-98,,Гостиница,нет,,,,,,none,1
1028,Гостиница Облака,Махачкала,"Республика Дагестан, Махачкала, улица Дзержинского, 19",+7 (928) 057-39-36,http://oblaka05.ru/,Гостиница,нет,,,,,,live,1
1030,Гостиница Пещера,Махачкала,"Республика Дагестан, Махачкала, проспект Насрутдинова, 252А",+7 (988) 292-22-92,,Гостиница,нет,,,,,,none,1
1035,Гостиница у моря,Махачкала,"Республика Дагестан, Махачкала, Мекегинская улица, 35",,,Гостиница,нет,,,,,,none,1
1043,Гостинный дом,Махачкала,"Республика Дагестан, Махачкала, Солдатская улица, 16Д",+7 (988) 261-45-52,,Гостиница,нет,,,,,,none,1
1046,Гостиный дом,Махачкала,"Республика Дагестан, Махачкала, Керченская улица, 17",+7 (963) 424-99-44,http://guesthouse.replain.site/,Гостиница,нет,,,,,,live,1
1067,Дагестан,Махачкала,"Республика Дагестан, Махачкала, проспект Насрутдинова, 14",,,Санаторий,нет,,,,,,none,1
1068,Дагестанское республиканское общество охотников и рыболовов,Махачкала,"Республика Дагестан, Махачкала, улица Магидова, 76",+7 (8722) 68-45-04,http://www.dagohota.ru/,"Клуб охотников и рыболовов, Турбаза, Туристический клуб",нет,,,,,,live,2
1087,Дельфин,Махачкала,"Республика Дагестан, Махачкала, шоссе Махачкала-Сулак, 9-й километр","+7 (988) 778-71-11, +7 (964) 053-35-22, +7 (988) 205-27-69",,Гостиница,нет,С052024019845,База отдыха «Дельфин»,Прекращен,0502005563,1050521000903,none,2
1096,Детский костно-туберкулезный санаторий,Махачкала,"Республика Дагестан, городской округ Махачкала, посёлок городского типа Кяхулай, Дачная улица, 86","+7 (8722) 51-62-59, +7 (8722) 51-62-58",http://rdtsgorka.ru/,"Детская больница, Санаторий, Специализированная больница",нет,С052025000790,"Государственное бюджетное учреждение Республики Дагестан ""Республиканский детский туберкулезный санаторий""",Архивный,0562071345,1080562001398,live,2
1097,Детский Оздоровительно-образовательный Лагерь Каспий,Махачкала,"Республика Дагестан, Махачкала, улица Даниялова, 32",+7 (988) 655-50-96,,"Общежитие, Хостел",нет,,,,,,none,1
1106,Дом,Махачкала,"Республика Дагестан, Махачкала, 4-я Аварская улица, 2А",+7 (989) 888-01-01,https://butik-dom.ru/,Гостиница,нет,,,,,,live,1
1109,Дом 33,Махачкала,"Республика Дагестан, Махачкала, улица Максима Горького, 33",+7 (988) 642-47-49,https://gostevoj-dom-33-ulitsa-maksima-gorkogo.clients.site/,Хостел,нет,,,,,,live,1
1127,Дом на пляже,Махачкала,"Республика Дагестан, городской округ Махачкала, микрорайон Караман-6, 9",+7 (928) 501-36-37,https://dom-na-pljazhe-1721976049.clients.site/,"База, дом отдыха",нет,,,,,,live,1
1139,Дом отдыха,Махачкала,"Республика Дагестан, городской округ Махачкала, микрорайон Караман-7, улица Агамедова, 1",+7 (989) 688-88-33,,"База, дом отдыха",нет,,,,,,none,1
1151,Дом у моря,Махачкала,"Республика Дагестан, городской округ Махачкала, микрорайон Караман-7, 6",+7 (928) 047-55-58,,"База, дом отдыха",нет,,,,,,none,1
1156,Дом у Моря,Махачкала,"Республика Дагестан, Махачкала, микрорайон Караман-6",+7 (989) 478-88-88,,"База, дом отдыха",нет,,,,,,none,1
1165,Дом у моря,Махачкала,"Республика Дагестан, городской округ Махачкала, Гунибская улица, 21",+7 (933) 111-15-11,,"База, дом отдыха",нет,,,,,,none,1
1180,Дом у моря 05,Махачкала,"Республика Дагестан, Махачкала, микрорайон Караман-7, улица Хайрутдина Гаджиева, 26/4","+7 (932) 477-77-32, +7 (932) 321-12-22",https://dom-u-morja-05.clients.site/,"База, дом отдыха",нет,,,,,,live,1
1189,Дом-море,Махачкала,"Республика Дагестан, Махачкала, микрорайон Караман-5, 3",,,"База, дом отдыха",нет,,,,,,none,1
1201,Дома у моря Дагестан,Махачкала,"Республика Дагестан, Махачкала, микрорайон Караман-5, улица 1-я линия, 10",,,"Жильё посуточно, Гостиница",нет,,,,,,none,1
1206,Домик,Махачкала,"Республика Дагестан, Махачкала, улица Пушкина, 5",,,Гостиница,нет,,,,,,none,1
1216,Домик у Магомеда,Махачкала,"Республика Дагестан, городской округ Махачкала, Академическая улица",+7 (988) 786-47-34,,"База, дом отдыха, Гостиница",нет,,,,,,none,1
1217,Домик у моря,Махачкала,"Республика Дагестан, городской округ Махачкала",+7 (928) 868-77-47,,"База, дом отдыха",нет,,,,,,none,1
1227,Домик у моря,Махачкала,"Республика Дагестан, Махачкала, микрорайон Караман-5, 5А",+7 (988) 638-03-17,,"База, дом отдыха",нет,,,,,,none,1
1228,Домик у моря,Махачкала,"Республика Дагестан, городской округ Махачкала, Академическая улица, 50А",+7 (962) 533-89-39,,"База, дом отдыха",нет,,,,,,none,1
1230,Домик у моря,Махачкала,"Республика Дагестан, городской округ Махачкала, микрорайон Караман-5, Университетская улица, 5",+7 (928) 588-20-00,,"База, дом отдыха",нет,,,,,,none,1
1252,Домики у Наташи,Махачкала,"Республика Дагестан, городской округ Махачкала, микрорайон Караман-7",+7 (928) 574-69-23,,Гостиница,нет,,,,,,none,1
1281,Жемчужина Каспия,Махачкала,"Республика Дагестан, Махачкала, улица Даниялова, 12","+7 (989) 470-61-31, +7 (963) 415-99-04",,"Офис организации, Гостиница",нет,,,,,,none,1
1283,Живой домик,Махачкала,"Республика Дагестан, городской округ Махачкала, микрорайон Караман-5, 7","+7 (928) 675-80-15, +7 (963) 406-69-91",https://zhivoj-domik-1750918669.clients.site/,"База, дом отдыха",нет,,,,,,live,1
1291,Жумейра,Махачкала,"Республика Дагестан, городской округ Махачкала, Академическая улица, 16","+7 (928) 266-00-30, +7 (928) 873-85-11",https://jumeira.clients.site/,Гостиница,нет,,,,,,live,1
1292,Журавлик,Махачкала,"Республика Дагестан, Махачкала, улица Батырая, 11Б","+7 (8722) 68-46-24, +7 (8722) 67-82-04, +7 (988) 638-96-20",http://ds-juravlik.ru/,Санаторий,нет,С052025000350,"Государственное бюджетное учреждение ""Республиканский детский желудочно-кишечный санаторий ""Журавлик""",Архивный,0572000079,1110572000021,live,1
1294,Загородный дом на берегу Каспия,Махачкала,"Республика Дагестан, городской округ Махачкала, Академическая улица, 50А",+7 (968) 393-88-87,,"База, дом отдыха",нет,,,,,,none,1
1316,ИП Магомедова Асият Дайитбеговна,Махачкала,"Республика Дагестан, Махачкала, улица Дзержинского, 6",,,Гостиница,нет,,,,,,none,1
1319,К&б,Махачкала,"Республика Дагестан, Махачкала, проспект Насрутдинова, 79","+7 (989) 488-45-55, +7 (928) 800-50-03",,Гостиница,нет,,,,,,none,1
1357,Как у себя дома,Махачкала,"Республика Дагестан, городской округ Махачкала, микрорайон Караман-5, 3-й Хвойный тупик, 18",+7 (928) 045-57-27,,"База, дом отдыха",нет,,,,,,none,2
1369,Караван Сарай,Махачкала,"Республика Дагестан, городской округ Махачкала, микрорайон Караман-7, улица Хайрутдина Гаджиева, 33",+7 (988) 635-08-74,,Гостиница,нет,,,,,,none,2
1371,Караман,Махачкала,"Республика Дагестан, Махачкала, микрорайон Караман-4, А9","+7 (8722) 59-99-59, +7 (928) 506-99-59",https://karaman.clients.site/,Гостиница,нет,,,,,,live,2
1372,Караман 5,Махачкала,"Республика Дагестан, городской округ Махачкала, микрорайон Караман-5, 3-й Хвойный тупик, 18",+7 (988) 423-46-88,,Хостел,нет,,,,,,none,1
1373,Караман 7,Махачкала,"Республика Дагестан, городской округ Махачкала, Кировский внутригородской район",,,Хостел,нет,,,,,,none,1
1374,Караташ,Махачкала,"Республика Дагестан, Махачкала, микрорайон Караман-7, Асабская улица, 75","+7 (988) 264-33-03, +7 (988) 206-00-07",https://hazarija-1748261374.clients.site/,"База, дом отдыха",нет,,,,,,live,1
1409,Класс,Махачкала,"Республика Дагестан, городской округ Махачкала, микрорайон Караман-7, улица Хайрутдина Гаджиева, 41/3",+7 (967) 395-77-99,,Гостиница,нет,С052024002486,"Городская гостиница ""Класс"" ИП Измагилова Л.Ф.",Прекращен,024002987093,318057100060462,none,3
1412,Комильфо,Махачкала,"Республика Дагестан, городской округ Махачкала, Кировский внутригородской район, улица Даганова, 37","+7 (989) 442-39-59, +7 (965) 487-55-55",,Гостиница,нет,,,,,,none,2
1414,Комнаты для туристов,Махачкала,"Республика Дагестан, Махачкала, 1-я Дачная улица",,,"Гостевой дом, Гостиница",нет,,,,,,none,1
1420,Корсика,Махачкала,"Республика Дагестан, Махачкала, микрорайон Караман-4, 2",+7 (917) 170-84-44,https://korsika-mahachkala.clients.site/,"База, дом отдыха",нет,,,,,,live,1
1433,Коттедж у моря Хазар-1 Дагестан,Махачкала,"Республика Дагестан, городской округ Махачкала, микрорайон Караман-4",+7 (989) 651-25-52,,"Гостевой дом, Гостиница",нет,,,,,,none,1
1434,Коттеджи,Махачкала,"Республика Дагестан, Махачкала, микрорайон Караман-5",+7 (922) 252-56-56,,"База, дом отдыха",нет,,,,,,none,1
1435,Коттеджи на берегу,Махачкала,"Республика Дагестан, городской округ Махачкала, микрорайон Караман-5",+7 (967) 396-11-27,,"База, дом отдыха",нет,,,,,,none,1
1451,Кунак,Махачкала,"Республика Дагестан, Махачкала, микрорайон Караман-7, улица Хайрутдина Гаджиева, 26/2",+7 (988) 777-77-72,https://taplink.cc/kunakmhch,Гостиница,нет,,,,,,live,1
1482,Лион Холл,Махачкала,"Республика Дагестан, Махачкала, улица Мирзабекова, 104","+7 (989) 654-20-00, +7 (988) 641-43-42, +7 (988) 777-98-98, +7 (989) 653-20-00, +7 (909) 139-99-99, +7 (928) 554-39-49",http://360mmg.ru/lionshall,"Гостиница, Паб, Доставка еды и обедов, Караоке-клуб, Ресторан",нет,,,,,,dead,1
1499,Манур,Махачкала,"Республика Дагестан, Махачкала, улица Ирчи Казака, 64",+7 (988) 654-14-14,http://hostelmanur.ru/,Хостел,нет,,,,,,live,1
1502,Марказ,Махачкала,"Республика Дагестан, Махачкала, улица Эмирова, 34",+7 (928) 505-51-51,http://markaz.ru/,Гостиница,нет,,,,,,live,1
1518,Меридиан,Махачкала,"Республика Дагестан, Махачкала, Федеральное шоссе, 44","+7 (960) 417-46-46, +7 (928) 950-12-84",https://meridian-federalnoe-shosse.clients.site/,Гостиница,нет,,,,,,live,1
1524,Мини-отель Grace,Махачкала,"Республика Дагестан, Махачкала, улица Эфенди Капиева, 12",+7 (988) 560-88-70,,Гостиница,нет,,,,,,none,1
1535,Мой город,Махачкала,"Республика Дагестан, Махачкала, проспект Али-Гаджи Акушинского, 200","+7 (914) 512-18-88, +7 (964) 468-55-85",,Гостиница,нет,,,,,,none,1
1543,Морепесок,Махачкала,"Республика Дагестан, городской округ Махачкала, микрорайон Караман-6",+7 (988) 277-37-57,,"База, дом отдыха, Гостиница",нет,,,,,,none,1
1548,Морская вилла,Махачкала,"Республика Дагестан, городской округ Махачкала, Береговая улица, 4",+7 (988) 303-12-12,https://морскаявилла.рф/,"База, дом отдыха",нет,,,,,,live,1
1553,Морской бриз,Махачкала,"Республика Дагестан, Махачкала, микрорайон Караман-3",+7 (906) 482-28-81,,"База, дом отдыха",нет,,,,,,none,1
1561,Морской уют,Махачкала,"Республика Дагестан, городской округ Махачкала, 2-й Хвойный тупик, 12",+7 (928) 546-21-21,,"Жильё посуточно, База, дом отдыха",нет,,,,,,none,1
1575,На берегу Каспия,Махачкала,"Республика Дагестан, Махачкала, микрорайон Научный Городок, Академическая улица, 43А",,,Гостиница,нет,,,,,,none,1
1577,На Волне,Махачкала,"Республика Дагестан, Махачкала, Доргелинская улица, 34",+7 (988) 291-04-07,,"База, дом отдыха",нет,,,,,,none,1
1580,На Набережной,Махачкала,"Республика Дагестан, Махачкала, улица Буйнакского, 6А",+7 (988) 438-85-85,https://ostrvk.onelink.me/czYD/p1p0d6rd,Гостиница,нет,,,,,,live,1
1587,Наследник,Махачкала,"Республика Дагестан, Махачкала, Магарамкентская улица, 7",+7 (988) 291-90-91,https://gnaslednik.clients.site/,Гостиница,нет,,,,,,live,1
1597,Нур,Махачкала,"Республика Дагестан, Махачкала, Федеральное шоссе, 129",+7 (928) 568-68-58,,"Гостиница, Столовая",нет,,,,,,none,1
1615,Островок,Махачкала,"Республика Дагестан, Махачкала",+7 (928) 049-52-52,,"База, дом отдыха",нет,,,,,,none,1
1618,Отдых 05,Махачкала,"Республика Дагестан, Махачкала, Магарамкентская улица, 15А",+7 (928) 288-55-77,,Гостиница,нет,,,,,,none,1
1625,Отель Asiya & SPA,Махачкала,"Республика Дагестан, Махачкала, Федеральное шоссе, 171",+7 (988) 633-76-83,,Гостиница,нет,,,,,,none,1
1636,Отель Атмосфера,Махачкала,"Республика Дагестан, Махачкала, улица Эмирова, 10А",+7 (988) 609-88-70,,Гостиница,нет,,,,,,none,1
1640,Отель Северный,Махачкала,"Республика Дагестан, Махачкала, проспект Казбекова, 6",+7 (938) 204-24-67,https://taplink.cc/northern,Гостиница,нет,,,,,,live,1
1642,Отель Тисси,Махачкала,"Республика Дагестан, Махачкала, Федеральное шоссе, 52А",+7 (928) 552-39-13,,Гостиница,нет,,,,,,none,1
1645,Отых в центре,Махачкала,"Республика Дагестан, Махачкала, Атланаульская улица, 4",+7 (989) 866-33-33,,Гостиница,нет,,,,,,none,1
1653,Панорама Хаус,Махачкала,"Республика Дагестан, Махачкала, улица Абубакарова, 102В, подъезд 1",+7 (988) 690-55-44,https://panoramahouse.ru/,Гостиница,нет,,,,,,error,1
1684,Престиж,Махачкала,"Республика Дагестан, Махачкала, 1-й тупик Пушкина, 8В",+7 (903) 423-33-39,https://prestizh-1-j-tupik-pushkina.clients.site/,Гостиница,нет,,,,,,live,1
1686,Привал на проспекте Имама Шамиля,Махачкала,"Республика Дагестан, Махачкала, проспект Имама Шамиля, 93",+7 (964) 019-13-70,,Гостиница,нет,,,,,,none,1
1688,Прима,Махачкала,"Республика Дагестан, Махачкала, улица Абдулхакима Исмаилова, 25",+7 (928) 837-53-27,,"Гостиница, Баня, Бассейн",нет,,,,,,none,1
1700,Райский домик,Махачкала,"Республика Дагестан, городской округ Махачкала, посёлок городского типа Тарки, Таркинский проезд, 53",+7 (988) 444-95-81,,"База, дом отдыха",нет,,,,,,none,1
1715,Расула Гамзатова 66,Махачкала,"Республика Дагестан, Махачкала, проспект Расула Гамзатова, 66",+7 (928) 680-11-10,,Гостиница,нет,,,,,,none,1
1727,Рица,Махачкала,"Республика Дагестан, Махачкала, улица Мирзабекова, 101/1",+7 (988) 789-13-13,http://ritsa-hotel.ru/,Гостиница,нет,,,,,,live,1
1728,Рича,Махачкала,"Республика Дагестан, Махачкала, Рыболовная улица, 5","+7 (988) 448-75-98, +7 (919) 720-67-77, +7 (960) 420-47-70, +7 (989) 666-71-05",,"База, дом отдыха, Гостиница",нет,,,,,,none,1
1733,Рублёвка 05,Махачкала,"Республика Дагестан, Махачкала, микрорайон Караман-2",,,"База, дом отдыха",нет,,,,,,none,1
1736,Ругуж,Махачкала,"Республика Дагестан, Махачкала, проспект Имама Шамиля, 1А","+7 (928) 046-35-22, +7 (928) 586-73-19",,"Гостиница, Ресторан",нет,,,,,,none,1
1740,Русь,Махачкала,"Республика Дагестан, Махачкала, улица Гайдара Гаджиева, 5Б",+7 (964) 017-82-30,,Гостиница,нет,,,,,,none,1
1742,Сабур,Махачкала,"Республика Дагестан, Махачкала, шоссе Дружбы Народов, 2А",+7 (928) 985-10-10,,Гостиница,нет,,,,,,none,1
1749,Салима,Махачкала,"Республика Дагестан, Махачкала, улица Заманова, 8А",+7 (964) 003-99-03,,Гостиница,нет,,,,,,none,1
1759,Санаторий Карнаир,Махачкала,"Республика Дагестан, Махачкала, поселок Новый Хушет, улица Имама Шамиля, 33Б",,,Санаторий,нет,,,,,,none,1
1763,Санаторий Талги,Махачкала,"Республика Дагестан, городской округ Махачкала, село Талги, Талгинская улица, 47",+7 (988) 690-45-18,,Санаторий,нет,С052025000833,"Общество с ограниченной ответственностью Санаторий ""Талги""",Архивный,0560029891,1050560005583,none,1
1766,Санкт-Петербург,Махачкала,"Республика Дагестан, Махачкала, микрорайон Караман-5",,,"База, дом отдыха",нет,,,,,,none,1
1770,Сафар,Махачкала,"Республика Дагестан, Махачкала, квартал Тюльпан, 4-я Тюльпанная улица, 62","+7 (928) 978-19-95, +7 (994) 448-56-90",http://safar-hostel.ru/,Хостел,нет,,,,,,live,1
1777,Свой Двор,Махачкала,"Республика Дагестан, Махачкала, проспект Насрутдинова, 272А, корп. 3",,,Гостиница,нет,,,,,,none,1
1795,Семендер,Махачкала,"Республика Дагестан, Махачкала, проспект Казбекова, 228",,,Гостиница,нет,,,,,,none,1
1804,Сказка у моря,Махачкала,"Республика Дагестан, городской округ Махачкала, микрорайон Караман-7, улица Хайрутдина Гаджиева, 27",+7 (928) 546-18-35,https://skazka-u-morja-ulitsa-hajrutdina-gadzhieva.clients.site/,"База, дом отдыха",нет,,,,,,live,1
1815,Сосновая усадьба,Махачкала,"Республика Дагестан, Махачкала, Федеральное шоссе, 98","+7 (963) 795-19-68, +7 (967) 933-38-16",,"База, дом отдыха, Гостиница",нет,,,,,,none,1
1821,Стамбул,Махачкала,"Республика Дагестан, Махачкала, микрорайон Караман-7, улица Хайрутдина Гаджиева, 26/2",+7 (988) 391-77-77,http://hotel-stambul05.ru/,Гостиница,нет,,,,,,live,1
1843,Танты,Махачкала,"Республика Дагестан, Махачкала, проспект Казбекова, 249А",,,Гостиница,нет,,,,,,none,1
1846,Таунхаус у моря,Махачкала,"Республика Дагестан, городской округ Махачкала, Береговая улица, 4",+7 (928) 501-92-21,https://taunhaus-u-morja.clients.site/,"База, дом отдыха",нет,,,,,,live,1
1852,Тихая гавань,Махачкала,"Республика Дагестан, городской округ Махачкала, микрорайон Караман-6","+7 (938) 783-33-12, +7 (918) 735-13-22",https://tihaja-gavan-gostinitsa.clients.site/,Гостиница,нет,,,,,,live,2
1860,Тихий Берег,Махачкала,"Республика Дагестан, городской округ Махачкала, Кировский внутригородской район, 4-я линия, 5",+7 (960) 411-47-72,,"База, дом отдыха",нет,,,,,,none,1
1867,Троя,Махачкала,"Республика Дагестан, Махачкала, Федеральное шоссе, 41",,,Гостиница,нет,,,,,,none,1
1869,Труд,Махачкала,"Республика Дагестан, Махачкала, улица Магомеда Ярагского, 98",+7 (928) 547-53-94,,"Гостиница, Жильё посуточно",нет,,,,,,none,1
1875,Турбаза Сулак,Махачкала,"Республика Дагестан, Махачкала, микрорайон Караман-4",,,"База, дом отдыха",нет,,,,,,none,1
1878,Турист24,Махачкала,"Республика Дагестан, Махачкала, Федеральное шоссе, 66",+7 (988) 024-55-88,,"База, дом отдыха",нет,,,,,,none,1
1895,У Ильяса,Махачкала,"Республика Дагестан, Махачкала, проспект Насрутдинова, 264",+7 (928) 950-11-86,https://hotel-ilyas.ru/,Гостиница,нет,,,,,,live,1
1920,У Тамили,Махачкала,"Республика Дагестан, Махачкала, Федеральное шоссе, 6",+7 (988) 442-76-46,,Гостиница,нет,,,,,,none,1
1951,Уютный домик с двориком,Махачкала,"Республика Дагестан, городской округ Махачкала, микрорайон Караман-7, улица Кандаурова, 1",,,Гостиница,нет,,,,,,none,1
1958,Федеральное Шоссе 127,Махачкала,"Республика Дагестан, Махачкала, Федеральное шоссе, 127",,,Гостиница,нет,,,,,,none,1
1961,Финиш,Махачкала,"Республика Дагестан, Махачкала, квартал Дагколхозстрой",+7 (963) 796-85-55,,Гостиница,нет,,,,,,none,1
1963,Флэт,Махачкала,"Республика Дагестан, Махачкала, проспект Петра I, 42А, корп. 3",+7 (964) 022-99-50,,Хостел,нет,,,,,,none,1
1967,Френдс Хаус,Махачкала,"Республика Дагестан, Махачкала, микрорайон Караман-6, Тлохская улица","+7 (988) 290-82-72, +7 (988) 220-01-71",https://friends-house-1696412956.clients.site/,Турбаза,нет,,,,,,live,1
1977,Хан,Махачкала,"Республика Дагестан, Махачкала, Индустриальный переулок, 1",+7 (926) 906-81-91,,Гостиница,нет,С052024008164,Городской отель «ХАН»,Прекращен,251133547320,323774600368852,none,2
1986,Хозяйка Гор,Махачкала,"Республика Дагестан, Махачкала, Шахтёрская улица, 9","+7 (967) 939-39-49, +7 (938) 207-07-12",,"Гостевой дом, Гостиница",нет,,,,,,none,1
1992,Хостел,Махачкала,"Республика Дагестан, Махачкала, улица Сулеймана Стальского, 4",+7 (918) 733-72-83,,Хостел,нет,,,,,,none,1
2002,Хостел Махачкала,Махачкала,"Республика Дагестан, Махачкала, улица Батырая, 132А/1",+7 (921) 800-05-05,,Хостел,нет,,,,,,none,1
2012,Чайка,Махачкала,"Республика Дагестан, Махачкала, улица Времена Года, 13",+7 (988) 290-44-22,https://chayka05.ru/,Гостиница,нет,С052024020863,Комплекс апартаментов «Чайка»,Прекращен,056202545264,319057100090604,live,1
2050,Чемпион,Махачкала,"Республика Дагестан, Махачкала, микрорайон Караман-4, 1Б","+7 (999) 419-44-55, +7 (938) 209-44-55",https://taplink.cc/champion05ru,"База, дом отдыха",нет,,,,,,live,2
2056,Чирах,Махачкала,"Республика Дагестан, Махачкала, улица Ермошкина, 115А",+7 (932) 222-22-77,http://chirah.ru/,Гостиница,нет,,,,,,error,1
2061,Шале,Махачкала,"Республика Дагестан, Махачкала, проспект Амет-хана Султана, 3Д",+7 (988) 300-41-00,,Хостел,нет,,,,,,none,1
2063,Шаляпин,Махачкала,"Республика Дагестан, Махачкала, улица Эфенди Капиева, 6",+7 (988) 634-58-92,http://hotelshalapin.ru/,Гостиница,нет,,,,,,live,1
2067,Шатэ,Махачкала,"Республика Дагестан, Махачкала, микрорайон Караман-4, 4Б",+7 (999) 311-44-44,,Гостиница,нет,,,,,,none,2
2068,ШахДаг,Махачкала,"Республика Дагестан, Махачкала, проспект Гамидова, 18А",+7 (964) 000-04-35,,Хостел,нет,,,,,,none,1
2074,Штиль,Махачкала,"Республика Дагестан, Махачкала, микрорайон Караман-6",+7 (926) 972-81-99,https://shtil-1726827815.clients.site/,"База, дом отдыха",нет,,,,,,live,1
2079,Эдем,Махачкала,"Республика Дагестан, городской округ Махачкала, село Новый Хушет, Советская улица, 48/3",,,"Гостиница, Банкетный зал, Доставка еды и обедов, Кафе",нет,,,,,,none,1
2080,Эдем,Махачкала,"Республика Дагестан, Махачкала, улица Гаджимагомедова, 10/2",+7 (967) 889-00-54,,Гостиница,нет,,,,,,none,1
2081,Эдем,Махачкала,"Республика Дагестан, Махачкала, улица Каммаева, 62","+7 (964) 001-99-52, +7 (928) 576-06-56, +7 (928) 502-33-30",,"Гостиница, Банкетный зал, Ресторан",нет,,,,,,none,1
2084,Экзотика,Махачкала,"Республика Дагестан, Махачкала, улица Генерала Омарова, 41",,,Гостиница,нет,,,,,,none,1
2085,Экзотика,Махачкала,"Республика Дагестан, Махачкала, улица Эмирова, 2",+7 (928) 830-90-72,,Гостиница,нет,,,,,,none,1
2091,Эленика,Махачкала,"Республика Дагестан, Махачкала, 2-я Аварская улица, 8",+7 (982) 199-45-84,https://elenika-gaptsahskaja-ulitsa.clients.site/#contacts,Гостиница,нет,,,,,,live,3
2094,Элит,Махачкала,"Республика Дагестан, городской округ Махачкала, садоводческое товарищество Монтажник, 282",,,Гостиница,нет,,,,,,none,1
2097,Эрлан,Махачкала,"Республика Дагестан, Махачкала, проспект Казбекова, 12А",+7 (963) 797-55-50,https://kavkazskaja-plennitsa-prospekt-kazbekova.clients.site/,Гостиница,нет,,,,,,live,1
2122,Ямайка,Махачкала,"Республика Дагестан, Махачкала, 1Б1Б-я линия Акушинского, 1Б",+7 (928) 552-22-26,,"Гостиница, Банкетный зал",нет,,,,,,none,1
660,Вилла Привал,Новолакский район,"Республика Дагестан, Новолакский район, территория Новострой",+7 (989) 465-06-00,,"База, дом отдыха",нет,,,,,,none,1
1321,Кадар,Новолакский район,"Республика Дагестан, Новолакский район, село Гамиях (Новострой)",,,Гостиница,нет,,,,,,none,1
1729,Родники,Новолакский район,"Республика Дагестан, Новолакский район, сельское поселение Гамиях",,,Гостиница,нет,,,,,,none,1
1868,Троя,Новолакский район,"Республика Дагестан, Новолакский район, село Новокули, 41-квартал","+7 (989) 480-59-12, +7 (928) 536-07-20",,Гостиница,нет,,,,,,none,1
1882,У Амины,Новолакский район,"Республика Дагестан, Новолакский район, территория Новострой",,,Гостиница,нет,,,,,,none,1
1696,Рагдан,Рутульский район,"Республика Дагестан, Рутульский район, село Хлют",+7 (922) 098-28-18,,"База, дом отдыха",нет,,,,,,none,1
1969,Фулфан дере,Рутульский район,"Республика Дагестан, Рутульский район, село Хлют, улица Абасова, 20А",+7 (928) 533-38-11,http://fulfan-dere.clients.site/,Гостевой дом,нет,,,,,,live,1
1293,Заброшенное село Старое Герга,Сергокалинский Район,"Республика Дагестан, Сергокалинский район, урочище Старое Герга",+7 (961) 107-75-75,,"Достопримечательность, Турбаза",нет,,,,,,none,1
1592,Нефтяник,Сергокалинский Район,"Республика Дагестан, Сергокалинский район",,,"База, дом отдыха",нет,,,,,,none,1
768,Гостевой дом,Сулейман-Стальский район,"Республика Дагестан, Сулейман-Стальский район, село Касумкент, улица Б. Султангамида, 8",+7 (929) 868-30-10,,Гостевой дом,нет,,,,,,none,1
798,Гостевой дом,Сулейман-Стальский район,"Республика Дагестан, Сулейман-Стальский район, село Касумкент, улица Б. Султангамида",+7 (928) 586-68-63,,Гостевой дом,нет,,,,,,none,1
945,Гостиница,Сулейман-Стальский район,"Республика Дагестан, Сулейман-Стальский район, село Касумкент, квартал ПМК","+7 (928) 987-07-37, +7 (928) 560-04-39",,Гостиница,нет,,,,,,none,1
986,Гостиница,Сулейман-Стальский район,"Республика Дагестан, Сулейман-Стальский район, село Касумкент, улица Тагира Хрюгского",+7 (989) 882-99-44,http://gtvatan.ru/,Гостиница,нет,,,,,,live,1
1310,Ивигар,Сулейман-Стальский район,"Республика Дагестан, Сулейман-Стальский район, село Касумкент",+7 (928) 875-30-00,,"База, дом отдыха",нет,,,,,,none,1
1583,На склоне,Сулейман-Стальский район,"Республика Дагестан, Сулейман-Стальский район, урочище Векеляр","+7 (928) 524-61-29, +7 (903) 499-67-31",,"База, дом отдыха",нет,,,,,,none,1
1730,Родники-Пуд-Булах,Сулейман-Стальский район,"Республика Дагестан, Сулейман-Стальский район, село Орта-Стал, Парковая улица, 38",+7 (928) 879-56-82,,"База, дом отдыха",нет,,,,,,none,1
1743,Сабур,Сулейман-Стальский район,"Республика Дагестан, Сулейман-Стальский район, село Юхари-Стал",+7 (938) 800-05-57,,Гостиница,нет,,,,,,none,1
1764,Санаторий-профилакторий Кпул-ятар,Сулейман-Стальский район,"Республика Дагестан, Сулейман-Стальский район, село Орта-Стал","+7 (988) 260-92-22, +7 (903) 482-61-32",,Санаторий,нет,С052025000355,"Общество с ограниченной ответственностью санаторий-профилакторий ""КПУЛ - ЯТАР""",Архивный,0529008890,1020501588227,none,1
1937,Утро в Горах,Сулейман-Стальский район,"Республика Дагестан, Сулейман-Стальский район",+7 (988) 640-91-58,https://utro-v-gorah.clients.site/,"База, дом отдыха",нет,,,,,,live,1
269,Nautica Bay,Табасаранский район,"Республика Дагестан, Табасаранский район, село Хели",,,Гостиница,нет,,,,,,none,1
664,Водопад,Табасаранский район,"Республика Дагестан, Табасаранский район, село Хучни, улица Джафарова","+7 (963) 404-15-37, +7 (967) 933-60-12",,"База, дом отдыха",нет,,,,,,none,1
788,Гостевой дом,Табасаранский район,"Республика Дагестан, Табасаранский район, село Ягдыг, улица Нижний Ягдыг, 121","+7 (967) 401-44-76, +7 (988) 420-50-02",https://gostevoj-dom-1687115641.clients.site/,Гостевой дом,нет,,,,,,live,2
867,Гостевой дом Марага,Табасаранский район,"Республика Дагестан, Табасаранский район, село Марага, Гумральская улица, 110",+7 (989) 895-51-27,https://gostinicamaraga.ukit.me/,Гостевой дом,нет,,,,,,live,1
889,Гостевой дом Прохлада,Табасаранский район,"Республика Дагестан, Табасаранский район, село Новое Лидже, Набережная улица",+7 (967) 399-91-88,,"База, дом отдыха",нет,,,,,,none,1
1031,Гостиница с Лечебными ваннами,Табасаранский район,"Республика Дагестан, Табасаранский район, село Татиль, улица Мира, 24",+7 (996) 574-59-24,,Гостиница,нет,,,,,,none,1
1380,Кафе-Гостиница,Табасаранский район,"Республика Дагестан, Табасаранский район, сельсовет Хапильский",+7 (988) 430-54-34,,Гостиница,нет,,,,,,none,1
1424,Коттедж Brothers №3,Табасаранский район,"Республика Дагестан, Табасаранский район, сельсовет Хурикский",+7 (967) 727-90-00,,"Жильё посуточно, Гостиница",нет,,,,,,none,1
1428,Коттедж на крепости семи братьев и одной сестры,Табасаранский район,"Республика Дагестан, Табасаранский район, село Хучни",+7 (966) 727-90-00,,"База, дом отдыха",нет,,,,,,none,1
1655,Папаха,Табасаранский район,"Республика Дагестан, Табасаранский район, село Ханаг, 3","+7 (938) 785-55-20, +7 (964) 603-05-05",,Гостиница,нет,,,,,,none,1
1797,Сердце Табасарана,Табасаранский район,"Республика Дагестан, Табасаранский район, село Хучни, улица Джафарова, 1","+7 (965) 494-43-48, +7 (989) 882-36-69",,Гостиница,нет,,,,,,none,1
1982,Хаят,Табасаранский район,"Республика Дагестан, Табасаранский район, село Ханаг","+7 (968) 482-24-44, +7 (960) 415-15-60",,Гостевой дом,нет,,,,,,none,1
37,Atlas,Тарумовка,"Республика Дагестан, село Тарумовка",,,Гостиница,нет,С052024021738,МОТЕЛЬ«Атлас»,Прекращен,057300018170,314057306600083,none,1
970,Гостиница,Тарумовка,"Республика Дагестан, село Тарумовка","+7 (928) 594-66-79, +7 (928) 969-82-51, +7 (928) 047-79-44",,Гостиница,нет,С052024018233,Гостиница «Дагестан»,Прекращен,053102212700,305053129000014,none,1
1529,Мираж,Тарумовка,"Республика Дагестан, село Тарумовка",+7 (988) 458-57-07,,Гостиница,нет,С052024009330,МОТЕЛЬ«Мираж»,Прекращен,053196992700,323057100036580,none,1
435,Zm,Тарумовский район,"Республика Дагестан, Тарумовский район",+7 (988) 208-44-62,,Гостиница,нет,,,,,,none,1
943,Гостиница,Тарумовский район,"Республика Дагестан, Тарумовский район, село Кочубей, Советская улица, 2Г",+7 (929) 013-66-64,,Гостиница,нет,,,,,,none,1
1367,Караван,Тарумовский район,"Республика Дагестан, Тарумовский район, село Кочубей, А-167, 4-й километр",+7 (928) 505-43-06,,Гостиница,нет,,,,,,none,1
1514,Медвежонок,Тарумовский район,"Республика Дагестан, Тарумовский район, село Тарумовка, Советская улица, 19",+7 (929) 869-12-39,,Турбаза,нет,,,,,,none,1
1515,Мекеги,Тарумовский район,"Республика Дагестан, Тарумовский район",+7 (963) 403-59-19,,Гостиница,нет,,,,,,none,1
1687,Придорожный комплекс Европа,Тарумовский район,"Республика Дагестан, Тарумовский район, село Кочубей, Советская улица, 1",+7 (928) 243-00-05,,Гостиница,нет,,,,,,none,1
1938,Уфанефтехим,Тарумовский район,"Республика Дагестан, Тарумовский район, сельское поселение Карабаглы",+7 (921) 860-00-02,,Гостиница,нет,,,,,,none,1
923,Гостевой дом Хидиб,Тляратинский район,"Республика Дагестан, Тляратинский район, село Хидиб",+7 (924) 604-11-11,,Гостевой дом,нет,,,,,,none,1
1116,Дом души,Тляратинский район,"Республика Дагестан, Тляратинский район, село Анцух, Речная улица, 3",+7 (963) 158-88-85,,Гостиница,нет,,,,,,none,1
1769,Сараор,Тляратинский район,"Республика Дагестан, Тляратинский район, село Ланда, Центральная улица, 1А",+7 (968) 625-55-54,,"База, дом отдыха",нет,,,,,,none,1
1863,ТМ,Тляратинский район,"Республика Дагестан, Тляратинский район, сельсовет Чадаколобский, село Анцух",+7 (960) 421-19-12,,Гостевой дом,нет,,,,,,none,1
1943,Уют у реки,Тляратинский район,"Республика Дагестан, Тляратинский район, сельсовет Чадаколобский, село Анцух",+7 (963) 416-34-23,,Гостевой дом,нет,,,,,,none,1
41,Avar_baza,Унцукульский район,"Республика Дагестан, Унцукульский район",+7 (989) 879-09-07,,"База, дом отдыха",нет,,,,,,none,1
93,Cupol_house,Унцукульский район,"Республика Дагестан, Унцукульский район, село Ирганай",+7 (988) 792-22-15,,"База, дом отдыха",нет,,,,,,none,1
142,Forest house 05,Унцукульский район,"Республика Дагестан, Унцукульский район",+7 (988) 634-37-77,,"База, дом отдыха",нет,,,,,,none,1
273,Nomad Hill,Унцукульский район,"Республика Дагестан, Унцукульский район, сельское поселение Гимры",+7 (965) 487-72-75,,Гостиница,нет,,,,,,none,1
295,Prichal_bam2,Унцукульский район,"Республика Дагестан, Унцукульский район, село Ирганай, улица Балал Мухаммада Ирганайского",+7 (964) 020-00-98,,Турбаза,нет,,,,,,none,1
379,Sunrise,Унцукульский район,"Республика Дагестан, Унцукульский район",+7 (963) 413-41-41,,"База, дом отдыха, Турбаза",нет,,,,,,none,1
440,Авар,Унцукульский район,"Республика Дагестан, Унцукульский район, село Ирганай",+7 (988) 423-07-77,https://taplink.cc/avarhotel,Гостиница,нет,,,,,,live,1
484,Анчиль,Унцукульский район,"Республика Дагестан, Унцукульский район, посёлок городского типа Шамилькала, 16А","+7 (932) 317-72-75, +7 (903) 469-95-64",,Гостиница,нет,,,,,,none,1
549,База Горцев,Унцукульский район,"Республика Дагестан, Унцукульский район, село Ирганай, улица Балал Мухаммада Ирганайского, 26",+7 (964) 054-56-57,,"База, дом отдыха",нет,,,,,,none,1
666,Водопад Красавица,Унцукульский район,"Республика Дагестан, Унцукульский район, село Аракани",+7 (988) 794-83-93,,Кемпинг,нет,,,,,,none,1
684,Гарант,Унцукульский район,"Республика Дагестан, Унцукульский район, посёлок городского типа Шамилькала",+7 (988) 207-75-00,,Гостиница,нет,,,,,,none,1
715,Горный причал,Унцукульский район,"Республика Дагестан, Унцукульский район, сельское поселение Гимры","+7 (988) 295-69-69, +7 (989) 878-89-89",,"База, дом отдыха",нет,,,,,,none,1
754,Гостевой дом,Унцукульский район,"Республика Дагестан, Унцукульский район",+7 (988) 774-00-07,,Гостевой дом,нет,,,,,,none,1
767,Гостевой дом,Унцукульский район,"Республика Дагестан, Унцукульский район, посёлок городского типа Шамилькала",+7 (928) 218-66-43,,"Гостевой дом, Гостиница",нет,,,,,,none,1
806,Гостевой дом,Унцукульский район,"Республика Дагестан, Унцукульский район, посёлок городского типа Шамилькала, улица Мусы Балаханского, 25",+7 (988) 692-93-95,,"Гостевой дом, Гостиница",нет,,,,,,none,1
834,Гостевой Дом Аракани,Унцукульский район,"Республика Дагестан, Унцукульский район, село Аракани, улица Сайгидгусейна Магомедова, 5",+7 (927) 114-39-99,,"Гостевой дом, Гостиница",нет,,,,,,none,1
853,Гостевой дом Дабарахъ,Унцукульский район,"Республика Дагестан, Унцукульский район, село Аракани, улица Ахмеда Хабсуриева, 2",+7 (989) 868-68-38,,Гостиница,нет,,,,,,none,2
1016,Гостиница 555,Унцукульский район,"Республика Дагестан, Унцукульский район",+7 (963) 797-67-30,https://sosna-1749888255.clients.site/,Гостиница,нет,,,,,,live,1
1112,Дом в горах,Унцукульский район,"Республика Дагестан, Унцукульский район, село Аракани",+7 (989) 474-14-30,,"База, дом отдыха",нет,,,,,,none,1
1184,Дом у озера,Унцукульский район,"Республика Дагестан, Унцукульский район, село Ирганай, улица Имама Хамзата, 47",+7 (967) 403-08-53,https://dom-u-ozera-ulitsa-imama-hamzata.clients.site/,"База, дом отдыха",нет,,,,,,live,1
1568,Музей Тетис,Унцукульский район,"Республика Дагестан, Унцукульский район, село Унцукуль, Фабричная улица, 2","+7 (916) 705-09-80, +7 (988) 291-50-35",,Гостиница,нет,,,,,,none,1
1746,Сад,Унцукульский район,"Республика Дагестан, Унцукульский район, городское поселение Шамилькала",+7 (988) 279-51-49,,Гостевой дом,нет,,,,,,none,1
1809,Сокол,Унцукульский район,"Республика Дагестан, Унцукульский район, село Унцукуль, улица Магомедтагира Унцукульского, 42",,,Гостиница,нет,,,,,,none,1
1948,Уютный дворик,Унцукульский район,"Республика Дагестан, Унцукульский район, село Ирганай, улица Имама Хамзата, 34",+7 (964) 022-88-80,https://udvorik.tb.ru/,"База, дом отдыха",нет,,,,,,live,1
1989,Хостел,Унцукульский район,"Республика Дагестан, Унцукульский район, посёлок городского типа Шамилькала",+7 (966) 050-10-50,,Хостел,нет,,,,,,none,1
455,Азия,Хасавюрт,"Республика Дагестан, Хасавюрт, Набережная улица",+7 (928) 046-80-54,,Гостиница,нет,,,,,,none,1
671,Восточный,Хасавюрт,"Республика Дагестан, Хасавюрт, Грозненская улица, 109",+7 (928) 950-01-63,https://vostochnyi.clients.site/,Гостиница,нет,,,,,,live,1
1037,Гостиница ШиК,Хасавюрт,"Республика Дагестан, Хасавюрт, Махачкалинское шоссе, 238",+7 (928) 973-22-98,,Гостиница,нет,,,,,,none,2
1360,Калифорния,Хасавюрт,"Республика Дагестан, Хасавюрт",,,Гостиница,нет,,,,,,none,1
1474,Лесная гавань,Хасавюрт,"Республика Дагестан, Хасавюрт",+7 (928) 516-36-08,,Гостиница,нет,,,,,,none,1
1500,Марата 41,Хасавюрт,"Республика Дагестан, Хасавюрт, посёлок Южный, улица имени Марата Бамматовича Атаева, 46",,,Гостиница,нет,,,,,,none,1
2071,ШиК,Хасавюрт,"Республика Дагестан, Хасавюрт, Махачкалинское шоссе, 2",,,Гостиница,нет,,,,,,none,1
130,Family Camp,Хасавюртовский район,"Республика Дагестан, Хасавюртовский район","+7 (932) 237-72-46, +7 (938) 205-11-44",,"База, дом отдыха",нет,,,,,,none,1
1140,Дом отдыха,Хасавюртовский район,"Республика Дагестан, Хасавюртовский район, сельское поселение Моксоб",+7 (996) 470-59-49,,"База, дом отдыха",нет,,,,,,none,1
1675,Покровское,Хасавюртовский район,"Республика Дагестан, Хасавюртовский район, село Покровское",,,Турбаза,нет,,,,,,none,1
1697,Радуга,Хасавюртовский район,"Республика Дагестан, Хасавюртовский район, сельское поселение Эндирей",,,"База, дом отдыха",нет,,,,,,none,1
1955,Фазенда,Хасавюртовский район,"Республика Дагестан, Хасавюртовский район",+7 (928) 560-80-00,https://fazenda-has.clients.site/,"База, дом отдыха",нет,,,,,,live,1
1576,На вершине,Хивский Район,"Республика Дагестан, Хивский район, село Цудук, Родниковая улица, 7",+7 (963) 428-66-06,,"База, дом отдыха",нет,,,,,,none,1
148,Godekan,Хунзах,"Республика Дагестан, село Хунзах",,,Гостиница,нет,,,,,,none,2
240,Luxury Rooms,Хунзах,"Республика Дагестан, село Хунзах",,,Гостиница,нет,,,,,,none,1
288,Petro,Хунзах,"Республика Дагестан, село Хунзах, улица Османа Мавлиева, 10",+7 (963) 426-08-60,,"Гостиница, База, дом отдыха",нет,,,,,,none,1
592,Башня,Хунзах,"Республика Дагестан, село Хунзах, улица Зубаира Амирханова, 2",+7 (965) 494-28-39,,Гостиница,нет,,,,,,none,1
665,Водопад,Хунзах,"Республика Дагестан, село Хунзах, улица Магомеда Гаджиева",+7 (966) 743-22-76,,Хостел,нет,,,,,,none,1
716,Горный рай,Хунзах,"Республика Дагестан, село Хунзах, улица Гамида Кебедова, 10",+7 (988) 771-78-86,,Гостиница,нет,,,,,,none,1
722,Гостевой двор 33,Хунзах,"Республика Дагестан, село Хунзах, 33",+7 (963) 411-37-11,,Гостиница,нет,,,,,,none,1
736,Гостевой дом,Хунзах,"Республика Дагестан, село Хунзах, улица Хаштиха Гаджиева, 27",+7 (967) 111-55-57,https://mahulov0.wixsite.com/hunzahdom,"База, дом отдыха, Гостиница",нет,,,,,,live,1
777,Гостевой дом,Хунзах,"Республика Дагестан, село Хунзах, улица Заирбега Алиханова, 7",+7 (964) 000-38-13,,"База, дом отдыха, Гостиница",нет,,,,,,none,1
830,Гостевой дом Акаро,Хунзах,"Республика Дагестан, село Хунзах, улица Гаджимурада Гаджимагомедова, 9",+7 (989) 889-99-89,,Гостевой дом,нет,,,,,,none,1
903,Гостевой дом У водопада,Хунзах,"Республика Дагестан, село Хунзах, улица Максуда Алиханова, 113",+7 (988) 303-52-70,,Хостел,нет,,,,,,none,1
910,Гостевой дом у Нуцалай,Хунзах,"Республика Дагестан, село Хунзах, улица Максуда Алиханова, 120",+7 (988) 694-35-91,,"Гостевой дом, Гостиница",нет,,,,,,none,1
911,Гостевой дом у обрыва,Хунзах,"Республика Дагестан, село Хунзах, улица Сулеймана Шамсудинова, 70",+7 (989) 452-14-33,,Гостевой дом,нет,,,,,,none,1
920,Гостевой дом Ума,Хунзах,"Республика Дагестан, село Хунзах, улица Зубаира Газиева, 20",+7 (928) 554-44-82,,"Гостевой дом, Гостиница",нет,,,,,,none,1
1054,Гранд Хаус,Хунзах,"Республика Дагестан, село Хунзах, улица Баху-Бика, 14",+7 (909) 444-40-03,,Гостиница,нет,,,,,,none,1
1122,Дом на Магомеда Дадаева 25,Хунзах,"Республика Дагестан, село Хунзах, улица Магомеда Дибирчуева, 25",,,Гостиница,нет,,,,,,none,2
1130,Дом отдыха,Хунзах,"Республика Дагестан, село Хунзах",+7 (988) 795-33-51,,"База, дом отдыха",нет,,,,,,none,1
1243,Домики в саду,Хунзах,"Республика Дагестан, сельсовет Хунзахский",+7 (988) 439-33-18,https://domiki-v-sadu-1690226402.clients.site/,"База, дом отдыха",нет,,,,,,live,1
1255,Древний Хунзах,Хунзах,"Республика Дагестан, село Хунзах, улица Магомедхана Эльдарова, 37",+7 (989) 895-68-99,,Гостиница,нет,,,,,,none,1
1410,Клевер,Хунзах,"Республика Дагестан, село Хунзах, улица Иманшапи Ахбердиева, 3",,,Гостиница,нет,,,,,,none,1
1807,Сова,Хунзах,"Республика Дагестан, село Хунзах, улица Магомеда Батирова, 11",,,Гостиница,нет,,,,,,none,1
1889,У Водопада,Хунзах,"Республика Дагестан, село Хунзах, улица Зубаира Газиева, 16",+7 (988) 274-77-00,,"База, дом отдыха",нет,,,,,,none,1
1923,У Ущелья,Хунзах,"Республика Дагестан, село Хунзах, улица Иманшапи Ахбердиева, 4",,,Гостиница,нет,,,,,,none,1
1942,Уют,Хунзах,"Республика Дагестан, село Хунзах, улица Зубаира Газиева, 37","+7 (928) 566-35-20, +7 (912) 086-66-89",https://gostevoj-dom-ujut-ulitsa-zubaira-gazieva.clients.site/,Гостевой дом,нет,,,,,,live,1
2005,Хостел Тобот,Хунзах,"Республика Дагестан, село Хунзах, улица Иманшапи Ахбердиева, 8",,,Хостел,нет,,,,,,none,1
2006,Хунзах,Хунзах,"Республика Дагестан, село Хунзах, улица Магомедмирза Хизроева, 59",+7 (980) 302-59-99,,Гостиница,нет,,,,,,none,2
2010,Цидук,Хунзах,"Республика Дагестан, село Хунзах, улица Иманшапи Ахбердиева, 34",+7 (964) 005-55-06,,Гостиница,нет,,,,,,none,1
67,Burka. house,Хунзахский район,"Республика Дагестан, Хунзахский район, село Хариколо, Хариколинская улица, 3-й переулок, 10",+7 (969) 669-72-00,,"Гостевой дом, Гостиница",нет,,,,,,none,1
99,Dag_torism,Хунзахский район,"Республика Дагестан, Хунзахский район, село Гоцатль Большой, улица Хаджиясул Мухаммада, 41",,,"Гостиница, Хостел",нет,,,,,,none,1
224,KhunzArt,Хунзахский район,"Республика Дагестан, Хунзахский район, село Арани, улица Наби Кураева, 15","+7 (967) 937-67-14, +7 (999) 633-93-61",,Гостиница,нет,,,,,,none,1
226,Kometa,Хунзахский район,"Республика Дагестан, Хунзахский район, село Гоцатль Малый, Нижняя улица",+7 (999) 569-99-05,,Гостиница,нет,,,,,,none,1
441,Аварский дом,Хунзахский район,"Республика Дагестан, Хунзахский район, село Гоцатль Большой, улица Имама Гамзата, 154",+7 (929) 866-91-90,,"База, дом отдыха",нет,,,,,,none,1
457,Айша,Хунзахский район,"Республика Дагестан, Хунзахский район, село Гоцатль Большой, улица Имама Шамиля, 81",,,Гостиница,нет,,,,,,none,1
593,Белая речка,Хунзахский район,"Республика Дагестан, Хунзахский район, село Гоцатль Малый, Нижняя улица, 65А",+7 (964) 000-91-88,,Хостел,нет,,,,,,none,1
633,Веранда,Хунзахский район,"Республика Дагестан, Хунзахский район, село Мочох, Озёрная улица, 26","+7 (988) 789-54-30, +7 (988) 878-35-54",,Гостевой дом,нет,,,,,,none,1
661,Вишневый сад,Хунзахский район,"Республика Дагестан, Хунзахский район, село Гоцатль Малый, Нижняя улица, 77",+7 (964) 000-56-28,,"База, дом отдыха",нет,,,,,,none,1
714,Горный,Хунзахский район,"Республика Дагестан, Хунзахский район, село Шотода, улица Мира, 1",+7 (963) 414-56-27,,"База, дом отдыха",нет,,,,,,none,1
724,Гостевой дворик Хунзах,Хунзахский район,"Республика Дагестан, Хунзахский район",+7 (989) 493-42-42,,Гостиница,нет,,,,,,none,1
734,Гостевой дом,Хунзахский район,"Республика Дагестан, Хунзахский район, село Матлас, Матласская улица, 7",+7 (989) 657-88-84,,"Гостевой дом, Кафе",нет,,,,,,none,1
741,Гостевой дом,Хунзахский район,"Республика Дагестан, Хунзахский район, село Гоцатль Большой, улица Худанатил Мухаммада, 23",+7 (989) 483-21-94,,"База, дом отдыха, Гостиница",нет,,,,,,none,1
749,Гостевой дом,Хунзахский район,"Республика Дагестан, Хунзахский район, село Мочох, Озёрная улица, 5",+7 (965) 490-69-21,,"Гостевой дом, Гостиница",нет,,,,,,none,1
771,Гостевой дом,Хунзахский район,"Республика Дагестан, Хунзахский район, село Гортколо, Гозоколинская улица, 6",+7 (928) 588-77-13,,Гостевой дом,нет,,,,,,none,1
781,Гостевой дом,Хунзахский район,"Республика Дагестан, Хунзахский район, сельское поселение Харахи",+7 (928) 866-86-42,,Гостевой дом,нет,,,,,,none,1
805,Гостевой дом,Хунзахский район,"Республика Дагестан, Хунзахский район, село Кахикал, улица Шамиля Алибегова, 15",+7 (964) 931-44-97,,"База, дом отдыха",нет,,,,,,none,1
892,Гостевой дом с видом на Матлас,Хунзахский район,"Республика Дагестан, Хунзахский район, село Сиух, улица Ветеранов, 19",+7 (938) 205-36-05,,"Гостевой дом, Гостиница",нет,,,,,,none,1
897,Гостевой дом Тишина гор,Хунзахский район,"Республика Дагестан, Хунзахский район, село Гоцатль Малый, 413",+7 (905) 490-80-33,,"Гостевой дом, Гостиница",нет,,,,,,none,1
900,Гостевой дом у Амины,Хунзахский район,"Республика Дагестан, Хунзахский район, село Гонох, улица Дайтбег Дайтбегова, 20",+7 (988) 218-63-31,,"Гостевой дом, Гостиница",нет,,,,,,none,1
912,Гостевой дом у озера,Хунзахский район,"Республика Дагестан, Хунзахский район, село Мочох, Озёрная улица, 20",+7 (962) 774-00-00,,"Гостевой дом, Гостиница",нет,,,,,,none,2
922,Гостевой дом Харахи,Хунзахский район,"Республика Дагестан, Хунзахский район, село Харахи, улица Османа Газимагомедова, 55","+7 (963) 375-17-86, +7 (928) 534-82-21, +7 (903) 428-32-42",,Гостевой дом,нет,,,,,,none,1
927,Гостевой дом Шарип,Хунзахский район,"Республика Дагестан, Хунзахский район, село Гоцатль Малый, Нижняя улица, 81",+7 (964) 050-57-72,,Гостевой дом,нет,,,,,,none,1
1042,Гостиничный комплекс 888,Хунзахский район,"Республика Дагестан, Хунзахский район, 6-й километр",+7 (928) 589-19-10,,"Гостиница, Баня",нет,,,,,,none,1
1050,Гоцатль,Хунзахский район,"Республика Дагестан, Хунзахский район, село Гоцатль Большой, улица Имама Газимагомеда, 72",+7 (965) 488-86-64,,Гостиница,нет,,,,,,none,1
1084,Двойняшки,Хунзахский район,"Республика Дагестан, Хунзахский район, село Гоцатль Малый, Верхняя улица, 47",+7 (963) 411-03-64,,Гостиница,нет,,,,,,none,1
1132,Дом отдыха,Хунзахский район,"Республика Дагестан, Хунзахский район, сельское поселение Мочох",+7 (963) 423-52-90,,"База, дом отдыха",нет,,,,,,none,1
1187,Дом у Хатимы,Хунзахский район,"Республика Дагестан, Хунзахский район, село Обода, улица Расула Рахматулаева, 16",+7 (968) 890-88-81,,Гостевой дом,нет,,,,,,none,1
1214,Домик на природе,Хунзахский район,"Республика Дагестан, Хунзахский район, село Гоцатль Малый, Нижняя улица, 143",+7 (964) 490-47-97,,"База, дом отдыха",нет,,,,,,none,1
1257,Дружба народа,Хунзахский район,"Республика Дагестан, Хунзахский район, село Гоцатль Малый, Нижняя улица, 136",+7 (966) 669-98-95,,Гостиница,нет,,,,,,none,1
1278,Жемчужина Дагестана,Хунзахский район,"Республика Дагестан, Хунзахский район, село Гоцатль Большой, улица Имама Газимагомеда, 62А",,,"База, дом отдыха",нет,,,,,,none,1
1364,Каменный завал,Хунзахский район,"Республика Дагестан, Хунзахский район, село Гоцатль Большой, улица Имама Газимагомеда, 89",+7 (963) 427-18-71,,Гостиница,нет,,,,,,none,1
1450,Кристалл,Хунзахский район,"Республика Дагестан, Хунзахский район, село Гоцатль Большой, улица Худанатил Мухаммада, 42","+7 (939) 000-01-02, +7 (964) 002-92-11, +7 (909) 482-08-55",,Гостиница,нет,,,,,,none,1
1452,Кунак,Хунзахский район,"Республика Дагестан, Хунзахский район, село Гоцатль Большой, улица Имама Шамиля, 62",+7 (967) 403-50-18,,Гостиница,нет,,,,,,none,1
1453,Кунак House,Хунзахский район,"Республика Дагестан, Хунзахский район, село Гоцатль Малый, Верхняя улица, 6А",+7 (989) 449-73-69,https://gostevoj-dom-kunak-house.clients.site/,"Гостевой дом, Гостиница",нет,,,,,,live,1
1532,Митрата,Хунзахский район,"Республика Дагестан, Хунзахский район, сельсовет Гоцатлинский",+7 (928) 937-22-99,https://mitrata.ru/,"База, дом отдыха",нет,,,,,,live,1
1565,Мочох,Хунзахский район,"Республика Дагестан, Хунзахский район, село Мочох, Западная улица, 23",+7 (988) 438-59-21,,Гостиница,нет,,,,,,none,1
1628,Отель Godekan,Хунзахский район,"Республика Дагестан, Хунзахский район, аэродром Хунзах-Горный",,,Гостиница,нет,,,,,,none,1
1745,Сад,Хунзахский район,"Республика Дагестан, Хунзахский район, сельсовет Гоцатлинский",+7 (969) 668-66-60,,"База, дом отдыха",нет,,,,,,none,1
1798,Серебряная шкатулка,Хунзахский район,"Республика Дагестан, Хунзахский район, село Гоцатль Большой, улица Имама Газимагомеда, 53",,,Гостевой дом,нет,,,,,,none,1
1802,Сияние гор,Хунзахский район,"Республика Дагестан, Хунзахский район, село Гоцатль Малый, Нижняя улица, 78А",+7 (918) 114-31-48,,Гостиница,нет,,,,,,none,1
1832,Сумая,Хунзахский район,"Республика Дагестан, Хунзахский район, село Гоцатль Малый, Верхняя улица, 46",+7 (989) 450-86-67,,Гостиница,нет,,,,,,none,1
1862,Тихий уголок,Хунзахский район,"Республика Дагестан, Хунзахский район, село Гоцатль Малый, Нижняя улица, 80",+7 (963) 427-44-51,https://taplink.cc/httpsinstagram.comguest_ho,Гостевой дом,нет,,,,,,live,1
1888,У водопада,Хунзахский район,"Республика Дагестан, Хунзахский район, село Арани, улица Магомедсайгида Гаджиева, 13",,,Гостиница,нет,,,,,,none,1
1900,У Магомеда,Хунзахский район,"Республика Дагестан, Хунзахский район, село Уздалросо, улица Абдулхалика Саадуева, 2",+7 (928) 589-49-50,,Гостиница,нет,,,,,,none,1
1910,У Наиды,Хунзахский район,"Республика Дагестан, Хунзахский район, село Гоцатль Малый, Нижняя улица, 4",,,"База, дом отдыха, Гостиница",нет,,,,,,none,1
1921,У Тамилы,Хунзахский район,"Республика Дагестан, Хунзахский район, 4-й километр",+7 (960) 419-65-27,,"База, дом отдыха",нет,,,,,,none,1
1932,Ума,Хунзахский район,"Республика Дагестан, Хунзахский район, село Гоцатль Большой, улица Худанатил Мухаммада, 16",,,Гостиница,нет,,,,,,none,1
2008,Хунзахский дворик,Хунзахский район,"Республика Дагестан, Хунзахский район, село Арани, улица Магомедсайгида Гаджиева, 12А",,,"База, дом отдыха, Гостиница",нет,,,,,,none,1
2104,Этно Хаус,Хунзахский район,"Республика Дагестан, Хунзахский район, село Шотода, улица Мира, 14",+7 (988) 788-27-40,,"База, дом отдыха",нет,,,,,,none,1
711,Горизонт 05,Цумадинский район,"Республика Дагестан, Цумадинский район",+7 (988) 433-09-22,,Гостевой дом,нет,,,,,,none,1
870,Гостевой дом Мищол,Цумадинский район,"Республика Дагестан, Цумадинский район, село Тленхори",+7 (963) 429-71-50,,Гостевой дом,нет,,,,,,none,1
1980,Хапизат,Цумадинский район,"Республика Дагестан, Цумадинский район, село Нижние Гаквари, улица Чеквада, 33",+7 (903) 499-63-27,,Гостиница,нет,,,,,,none,1
846,Гостевой дом Генух,Цунтинский район,"Республика Дагестан, Цунтинский район, сельсовет Кидеринский","+7 (905) 718-88-57, +7 (928) 844-42-99",,Гостевой дом,нет,,,,,,none,1
1803,СК Гарант,Цунтинский район,"Республика Дагестан, Цунтинский район, село Шаури",+7 (964) 008-82-24,,"База, дом отдыха",нет,,,,,,none,1
2102,Этно Дом Генух,Цунтинский район,"Республика Дагестан, Цунтинский район, село Генух, улица Магомеда Гусенова",,,Гостиница,нет,,,,,,none,1
581,"База, дом отдыха",Чародинский Район,"Республика Дагестан, Чародинский район, село Сумета, Суметинская улица","+7 (964) 018-09-20, +7 (964) 018-09-20, +7 (995) 000-60-90",,"База, дом отдыха, Экскурсии",нет,,,,,,none,1
22,Aksakal Glamp,Шамильский район,"Республика Дагестан, Шамильский район, сельсовет Гоорский","+7 (988) 655-38-86, +7 (988) 445-55-02",,Глэмпинг,нет,,,,,,none,1
158,Gorny Briz,Шамильский район,"Республика Дагестан, Шамильский район, село Голотль",+7 (988) 469-37-37,,Гостиница,нет,,,,,,none,1
191,Home_Travel_05,Шамильский район,"Республика Дагестан, Шамильский район, село Гоор, улица Гоорская, 247В",+7 (928) 978-57-01,,Гостевой дом,нет,,,,,,none,1
437,Абрикосовый рай,Шамильский район,"Республика Дагестан, Шамильский район, село Голотль",+7 (964) 002-34-96,,"Гостевой дом, Гостиница",нет,,,,,,none,1
469,Аларча,Шамильский район,"Республика Дагестан, Шамильский район, село Митлиуриб","+7 (964) 004-54-02, +7 (964) 490-49-70",,Гостиница,нет,,,,,,none,1
619,Бухариб,Шамильский район,"Республика Дагестан, Шамильский район, село Гоор","+7 (967) 941-11-38, +7 (928) 681-49-05",,Гостиница,нет,,,,,,none,1
622,В гостях у гор,Шамильский район,"Республика Дагестан, Шамильский район, сельсовет Голотлинский, 82К-010, 34-й километр",+7 (988) 212-53-69,,Гостиница,нет,,,,,,none,1
696,Гидатль,Шамильский район,"Республика Дагестан, Шамильский район, сельское поселение Хучада",+7 (903) 501-07-92,,Гостевой дом,нет,,,,,,none,1
700,Глэмпинг,Шамильский район,"Республика Дагестан, Шамильский район, сельсовет Гоорский",+7 (950) 746-13-18,https://v-dagestantur.ru/,Глэмпинг,нет,,,,,,live,1
703,Глэмпинг Могох-сити,Шамильский район,"Республика Дагестан, Шамильский район, сельсовет Батлухский",,,Кемпинг,нет,,,,,,none,1
707,Голотль,Шамильский район,"Республика Дагестан, Шамильский район, село Голотль, улица Али Шейха",+7 (988) 456-54-35,,Кемпинг,нет,,,,,,none,1
759,Гостевой дом,Шамильский район,"Республика Дагестан, Шамильский район, село Гоор",+7 (963) 407-00-35,,Гостевой дом,нет,,,,,,none,1
860,Гостевой дом Кахиб,Шамильский район,"Республика Дагестан, Шамильский район, село Кахиб",+7 (989) 463-29-42,,Гостевой дом,нет,,,,,,none,2
861,Гостевой дом Койсу,Шамильский район,"Республика Дагестан, Шамильский район, село Хебда",+7 (965) 333-61-61,,Гостевой дом,нет,,,,,,none,1
872,Гостевой Дом Мумигор,Шамильский район,"Республика Дагестан, Шамильский район, село Гоор-Хиндах",+7 (988) 786-00-40,,"Хостел, Гостиница",нет,,,,,,none,2
1036,Гостиница Хебда,Шамильский район,"Республика Дагестан, Шамильский район, село Хебда, улица Сураката Асиятилова","+7 (909) 484-96-77, +7 (989) 444-39-89",,Гостиница,нет,,,,,,none,1
1113,Дом в горах,Шамильский район,"Республика Дагестан, Шамильский район, село Голотль, улица Али Шейха, 5",+7 (922) 131-64-44,,"База, дом отдыха",нет,,,,,,none,1
1326,Как Doma,Шамильский район,"Республика Дагестан, Шамильский район, село Гоор, улица Гоорская, 210",+7 (963) 245-55-23,,Гостевой дом,нет,,,,,,none,2
1534,Могохсити,Шамильский район,"Республика Дагестан, Шамильский район",+7 (922) 222-76-67,,Глэмпинг,нет,,,,,,none,1
1595,Нур,Шамильский район,"Республика Дагестан, Шамильский район",+7 (989) 669-09-42,,Гостевой дом,нет,,,,,,none,1
1614,Остров Рафт,Шамильский район,"Республика Дагестан, Шамильский район",+7 (960) 420-67-29,https://ostrov-raft.ru/,Турбаза,нет,,,,,,live,1
1656,Папаха,Шамильский район,"Республика Дагестан, Шамильский район, сельское поселение Хучада",+7 (928) 288-26-26,https://papaha.travel/,Гостиница,нет,,,,,,error,1
1747,Сакля горца,Шамильский район,"Республика Дагестан, Шамильский район, село Кахиб",+7 (933) 209-06-76,,Гостевой дом,нет,,,,,,none,1
1817,СПК адаб,Шамильский район,"Республика Дагестан, Шамильский район",+7 (988) 266-74-10,,Турбаза,нет,,,,,,none,2
1825,Старый Кахиб,Шамильский район,"Республика Дагестан, Шамильский район, село Кахиб",+7 (989) 665-23-93,https://gostevoj-dom-1687808609.clients.site/,Гостиница,нет,,,,,,live,2
1970,Хадижат,Шамильский район,"Республика Дагестан, Шамильский район, село Гоор","+7 (977) 393-42-16, +7 (967) 391-25-45",,Гостиница,нет,,,,,,none,1
1024,Гостиница Кванхидатли,Южно-Сухокумск,"Республика Дагестан, Южно-Сухокумск, Магистральная улица",+7 (989) 444-85-75,,"Гостиница, Гостевой дом",нет,,,,,,none,1
1983,Хаят,Южно-Сухокумск,"Республика Дагестан, Южно-Сухокумск, Магистральная улица, 35",+7 (989) 658-34-22,,Гостиница,нет,,,,,,none,1
